INDEX, KEY, TSTART [UT], TPEAK [UT], TFINAL [UT], IXPEAK [W/m^2], LAT [deg], LON [deg], ARNUM,Confined/Eruptive,E_TOTAL[erg cm^-1] ,AREA_HED[CM^2],Flux_HED [Mx],SHEAR[DEG],UJ_MEAN[mA m^-2],J_TOTAL[A],UHC_MEAN[G^2 m^-1],HC_TOTAL[G^2 m^-1],GBH_MEAN[G m^-1],ALP_MEAN [Mm^-1],LPIL [Mm]
0, 20100612_0030_11081_M2.0, 2010-06-12 00:30, 2010-06-12 00:57, 2010-06-12 01:02,2.00E-05,23,43,11081,E,8.16E+22,1.65E+18,3.37E+20,58.415,0.0102622,1.43E+12,0.0347913,36.4265,0.000153558,0.0624932,42.1
1, 20100713_1043_11087_C2.6, 2010-07-13 10:43, 2010-07-13 10:51, 2010-07-13 10:55,2.60E-06,19,-26,11087,C,1.54E+22,5.40E+17,7.69E+19,68.3817,0.00646731,3.41E+11,0.00246657,0.979228,7.54E-05,0.113643,4.93015
2, 20100727_0412_11089_C2.2, 2010-07-27 04:12, 2010-07-27 04:24, 2010-07-27 04:34,2.20E-06,-24,21,11089,C,2.93E+21,1.24E+17,3.67E+19,50.3718,0.00824569,8.77E+10,0.0138267,1.10614,0.000116952,-0.00764967,4.02
3, 20101016_1907_11112_M2.9, 2010-10-16 19:07, 2010-10-16 19:12, 2010-10-16 19:25,2.90E-05,-20,26,11112,C,3.62E+22,9.70E+17,1.02E+20,61.9823,0.00836452,7.48E+11,0.0126307,8.50049,0.000106888,0.0594175,14.7
4, 20101025_2206_11117_C2.3, 2010-10-25 22:06, 2010-10-25 22:12, 2010-10-25 22:18,2.30E-06,22,-12,11117,C,2.94E+22,9.49E+17,2.83E+20,49.1782,0.00959031,9.78E+11,0.0323702,24.8279,0.000196134,0.000723823,12.3
5, 20101111_0715_11123_C4.7, 2010-11-11 07:15, 2010-11-11 07:24, 2010-11-11 07:28,4.70E-06,-27,-14,11123,E,2.99E+22,7.51E+17,9.41E+19,61.2714,0.00882697,6.30E+11,0.0202794,10.89,0.00012391,0.0648138,11.3
6, 20101115_0728_11124_C2.3, 2010-11-15 07:28, 2010-11-15 07:49, 2010-11-15 08:01,2.30E-06,12,22,11124,C,4.39E+22,1.32E+18,2.76E+20,46.3761,0.00925126,1.15E+12,0.0171507,16.0702,0.000140569,-0.00752091,5.89
7, 20110215_0144_11158_X2.2, 2011-02-15 01:44, 2011-02-15 01:56, 2011-02-15 02:17,2.20E-04,-20,10,11158,E,4.03E+23,7.63E+18,2.01E+21,56.0664,0.00940175,7.26E+12,0.0286055,166.255,0.000125965,0.052648,49.1
8, 20110309_2313_11166_X1.5, 2011-03-09 23:13, 2011-03-09 23:23, 2011-03-09 23:33,1.50E-04,8,9,11166,C,3.22E+23,6.63E+18,1.92E+21,58.3447,0.00929883,6.14E+12,0.0364378,180.95,0.000147099,0.00495495,92
9, 20110324_1201_11176_M1.0, 2011-03-24 12:01, 2011-03-24 12:07, 2011-03-24 12:11,1.00E-05,-16,-43,11176,E,4.36E+22,1.35E+18,3.29E+20,57.0462,0.00828843,1.23E+12,0.0147334,16.3982,0.000108518,0.0246511,31.2
10, 20110330_1942_11183_C1.9, 2011-03-30 19:42, 2011-03-30 20:05, 2011-03-30 20:13,1.90E-06,15,-39,11183,C,1.19E+21,6.15E+16,4.69E+18,65.5866,0.00771776,4.41E+10,0.0136549,0.58716,0.000148882,-0.0102001,3.66
11, 20110415_1702_11190_M1.3, 2011-04-15 17:02, 2011-04-15 17:12, 2011-04-15 17:28,1.30E-05,14,19,11190,C,1.64E+23,4.04E+18,1.34E+21,40.7926,0.00950588,3.78E+12,0.031554,94.5041,0.000143495,-0.019997,56.1
12, 20110422_0435_11195_M1.8, 2011-04-22 04:35, 2011-04-22 04:57, 2011-04-22 05:14,1.80E-05,-18,-43,11195,C,1.83E+23,4.61E+18,9.79E+20,57.7087,0.00861308,4.05E+12,0.021703,76.6982,0.000127367,0.0447985,82.2
13, 20110515_2325_11208_C4.8, 2011-05-15 23:25, 2011-05-15 23:34, 2011-05-15 23:41,4.80E-06,11,33,11208,E,1.07E+22,3.38E+17,8.42E+19,39.5888,0.00703131,2.93E+11,0.0171309,5.36197,0.000113881,1.95E-02,15.6
14, 20110601_0237_11228_C2.6, 2011-06-01 02:37, 2011-06-01 02:53, 2011-06-01 03:06,2.60E-06,-18,-37,11228,C,5.64E+21,1.78E+17,1.96E+19,63.8662,0.00976062,1.74E+11,0.00307236,0.411696,8.30E-05,0.154792,5.6
15, 20110601_1651_11226_C4.1, 2011-06-01 16:51, 2011-06-01 17:08, 2011-06-01 17:34,4.10E-06,-22,-27,11226,E,6.60E+21,2.38E+17,4.64E+19,50.8572,0.00728208,2.09E+11,0.0045465,0.982043,9.69E-05,0.0564982,13.7
16, 20110615_1419_11234_C3.2, 2011-06-15 14:19, 2011-06-15 14:32, 2011-06-15 14:45,3.20E-06,-16,17,11234,C,7.59E+21,2.55E+17,8.60E+19,52.2988,0.00801945,2.14E+11,0.00855151,1.71885,7.98E-05,0.0516634,8.01
17, 20110621_0122_11236_C7.7, 2011-06-21 01:22, 2011-06-21 03:25, 2011-06-21 04:27,7.70E-06,16,8,11236,E,1.10E+21,3.21E+16,8.29E+17,57.1219,0.00933275,2.98E+10,0.00249702,0.0599285,8.36E-05,-0.118601,1.91
18, 20110703_1054_11244_C2.1, 2011-07-03 10:54, 2011-07-03 11:01, 2011-07-03 11:06,2.10E-06,14,29,11244,C,2.46E+22,5.84E+17,1.17E+20,57.0973,0.00960723,5.66E+11,0.00784157,3.47382,0.000120314,0.0276868,15.2
19, 20110727_1548_11260_M1.1, 2011-07-27 15:48, 2011-07-27 16:07, 2011-07-27 16:22,1.10E-05,20,-37,11260,C,6.08E+22,1.92E+18,2.82E+20,60.7814,0.0111627,1.97E+12,0.0199624,26.5699,0.000125146,0.0904106,45.9
20, 20110730_0204_11261_M9.3, 2011-07-30 02:04, 2011-07-30 02:09, 2011-07-30 02:33,9.30E-05,16,-33,11261,C,7.66E+22,2.04E+18,4.30E+20,53.398,0.00868862,1.77E+12,0.0112607,17.2627,0.000100961,0.00833323,41.4
21, 20110803_0429_11263_M1.7, 2011-08-03 04:29, 2011-08-03 04:32, 2011-08-03 04:35,1.70E-05,17,-8,11263,C,2.51E+23,5.27E+18,1.53E+21,60.958,0.00751541,4.22E+12,0.019833,83.7151,0.000114809,0.0424643,44.8
22, 20110806_0837_11267_C4.1, 2011-08-06 08:37, 2011-08-06 08:47, 2011-08-06 08:51,4.10E-06,-16,-22,11267,C,2.97E+22,5.55E+17,1.42E+20,68.7026,0.00874363,4.81E+11,0.0184373,7.63304,0.000109028,-0.0974784,15.4
23, 20110821_1815_11272_C1.5, 2011-08-21 18:15, 2011-08-21 18:40, 2011-08-21 18:46,1.50E-06,-19,-8,11272,C,6.53E+21,2.50E+17,2.62E+19,56.3142,0.0120769,2.78E+11,0.0339097,5.86638,0.000207863,-0.119887,10.3
24, 20110903_0747_11281_C2.4, 2011-09-03 07:47, 2011-09-03 07:56, 2011-09-03 08:04,2.40E-06,-21,1,11281,C,2.45E+21,1.06E+17,4.16E+18,41.6426,0.010773,1.05E+11,0.0445032,3.24874,0.000174891,0.0426388,4.71
25, 20110906_2212_11283_X2.1, 2011-09-06 22:12, 2011-09-06 22:20, 2011-09-06 22:40,2.10E-04,14,18,11283,E,1.43E+23,2.47E+18,2.87E+20,66.0841,0.00806597,2.00E+12,0.0153,28.5804,0.000119584,0.0589728,21.4
26, 20110926_0506_11302_M4.0, 2011-09-26 05:06, 2011-09-26 05:08, 2011-09-26 05:30,4.00E-05,13,-34,11302,E,5.88E+23,9.12E+18,3.63E+21,57.0823,0.0103463,1.01E+13,0.0328807,240.95,0.000132616,-0.0142452,114
27, 20111002_0037_11305_M3.9, 2011-10-02 00:37, 2011-10-02 00:50, 2011-10-02 00:59,3.90E-05,9,12,11305,E,5.98E+22,1.16E+18,1.44E+20,64.2065,0.0088823,9.98E+11,0.00766252,6.47483,8.37E-05,-0.087922,11.0198
28, 20111010_1430_11313_C4.5, 2011-10-10 14:30, 2011-10-10 14:35, 2011-10-10 14:37,4.50E-06,-13,-3,11313,C,3.23E+21,1.66E+17,1.51E+19,43.6468,0.00877862,1.03E+11,0.0243259,2.14068,0.000161267,1.50E-03,1.85
29, 20111016_1504_11319_C6.3, 2011-10-16 15:04, 2011-10-16 15:14, 2011-10-16 15:22,6.30E-06,13,8,11319,C,7.33E+22,1.64E+18,5.71E+20,59.0426,0.00685887,6.31E+11,0.00234646,1.62375,7.91E-05,5.69E-02,23.4
30, 20111022_1514_11324_C4.1, 2011-10-22 15:14, 2011-10-22 15:20, 2011-10-22 15:29,4.10E-06,12,-24,11324,C,7.98E+21,1.95E+17,4.41E+19,52.4579,0.00958321,2.70E+11,0.0216377,4.58719,0.000145385,-0.0148196,7.6
31, 20111031_0514_11334_C2.7, 2011-10-31 05:14, 2011-10-31 05:21, 2011-10-31 05:25,2.70E-06,13,-25,11334,C,2.37E+21,1.96E+17,8.86E+19,38.0904,0.0101756,9.74E+10,0.042884,3.08765,0.000176549,-0.0384338,1.46
32, 20111105_2031_11339_M1.8, 2011-11-05 20:31, 2011-11-05 20:38, 2011-11-05 20:54,1.80E-05,21,-34,11339,C,3.40E+23,8.97E+18,3.08E+21,53.7327,0.0100798,8.87E+12,0.0345955,229.057,0.000127526,-0.0682075,124
33, 20111111_1640_11344_C5.4, 2011-11-11 16:40, 2011-11-11 17:09, 2011-11-11 17:33,5.40E-06,-19,31,11344,C,4.63E+21,1.04E+18,3.25E+20,49.0484,0.00802723,1.39E+11,0.0488318,6.34813,0.000112456,0.0414408,19
34, 20111115_1230_11346_M1.9, 2011-11-15 12:30, 2011-11-15 12:43, 2011-11-15 12:50,1.90E-05,-18,-40,11346,C,3.10E+22,1.07E+18,2.08E+20,58.1033,0.0113087,1.20E+12,0.0171675,13.7168,0.000105823,-0.21368,23.5
35, 20111120_1635_11354_C6.1, 2011-11-20 16:35, 2011-11-20 16:47, 2011-11-20 17:07,6.10E-06,-15,-38,11354,C,3.30E+22,8.23E+17,2.04E+20,58.4133,0.00855938,7.75E+11,0.0198036,13.4862,0.000115682,0.0244223,22.8
36, 20111122_0949_11356_C3.2, 2011-11-22 09:49, 2011-11-22 09:54, 2011-11-22 09:56,3.20E-06,12,-44,11356,C,5.59E+22,1.37E+18,3.46E+20,50.5112,0.00943889,1.43E+12,0.0182903,20.8875,0.000118078,-0.000269667,49.5
37, 20111128_1822_11361_C3.2, 2011-11-28 18:22, 2011-11-28 18:30, 2011-11-28 18:39,3.20E-06,19,-26,11361,C,2.32E+21,4.81E+16,3.04E+19,42.607,0.0076067,4.35E+10,0.00299862,0.128941,7.60E-05,0.0357418,8.03
38, 20111205_2320_11363_C6.9, 2011-12-05 23:20, 2011-12-05 23:25, 2011-12-05 23:34,6.90E-06,-20,9,11363,C,2.11E+22,6.52E+17,7.60E+19,68.642,0.00696521,4.79E+11,0.00725603,3.75137,0.000103121,0.0334361,4.32
39, 20111210_2357_11374_C1.6, 2011-12-10 23:57, 2011-12-11 00:02, 2011-12-11 00:07,1.60E-06,-17,-41,11374,C,1.24E+22,4.37E+17,4.52E+19,51.721,0.0101034,5.75E+11,0.00860688,3.68375,9.67E-05,-1.45E-06,5.2
40, 20111220_2238_11376_C6.2, 2011-12-20 22:38, 2011-12-20 22:50, 2011-12-20 23:04,6.20E-06,18,44,11376,C,1.34E+23,3.32E+18,7.65E+20,54.1278,0.010012,3.41E+12,0.0414663,106.154,0.000144977,0.0702956,67.7
41, 20111221_0448_11382_C4.3, 2011-12-21 04:48, 2011-12-21 04:55, 2011-12-21 04:59,4.30E-06,-19,-6,11382,C,4.70E+22,1.45E+18,3.76E+20,57.2183,0.00828906,1.08E+12,0.0110227,10.8353,0.000120284,0.00033359,35.5
42, 20111222_0156_11381_C5.4, 2011-12-22 01:56, 2011-12-22 02:08, 2011-12-22 02:20,5.40E-06,-19,18,11381,E,4.25E+21,3.29E+17,8.60E+19,46.4663,0.00845461,2.93E+11,0.0152971,3.99255,0.000119185,-0.0556017,5.26
43, 20111225_1811_11387_M4.0, 2011-12-25 18:11, 2011-12-25 18:16, 2011-12-25 18:40,4.00E-05,-22,26,11387,E,8.36E+22,2.22E+18,3.82E+20,54.1748,0.00963112,1.99E+12,0.0142696,22.1893,0.000107253,0.01554,37.5
44, 20111226_1123_11384_C5.7, 2011-12-26 11:23, 2011-12-26 11:50, 2011-12-26 12:18,5.70E-06,17,2,11384,E,1.45E+21,1.60E+16,3.53E+18,38.3029,0.00759888,3.74E+10,0.0152329,0.563618,0.000115888,-0.111017,2.4
45, 20111227_0411_11386_C8.9, 2011-12-27 04:11, 2011-12-27 04:22, 2011-12-27 04:31,8.90E-06,-17,-32,11386,E,2.53E+22,6.54E+17,1.01E+20,48.9692,0.00908361,7.62E+11,0.0190672,12.0314,0.000125526,0.011734,15.7
46, 20111231_1309_11389_M2.4, 2011-12-31 13:09, 2011-12-31 13:15, 2011-12-31 13:19,2.40E-05,-23,-44,11389,C,5.87E+22,1.81E+18,3.62E+20,51.7604,0.00820393,1.45E+12,0.0102287,13.5734,0.000113207,-0.00883248,51.1
47, 20120110_2234_11391_C1.7, 2012-01-10 22:34, 2012-01-10 23:01, 2012-01-10 23:12,1.70E-06,15,21,11391,C,8.59E+21,3.06E+17,3.23E+19,70.1208,0.00843791,3.15E+11,0.0123273,3.46396,0.00010617,0.0210133,5.1
48, 20120118_2257_11396_C5.1, 2012-01-18 22:57, 2012-01-18 23:20, 2012-01-18 23:33,5.10E-06,24,33,11396,E,3.54E+22,9.25E+17,1.78E+20,58.9934,0.00898585,8.25E+11,0.0107226,7.4093,0.000103516,-0.0302549,20.1
49, 20120123_0338_11402_M8.7, 2012-01-23 03:38, 2012-01-23 03:59, 2012-01-23 04:34,8.70E-05,28,21,11402,E,1.42E+23,2.89E+18,6.39E+20,52.3048,0.00894226,3.19E+12,0.0132184,35.4518,0.000101828,-0.0293311,52.6
50, 20120211_1041_11416_C1.5, 2012-02-11 10:41, 2012-02-11 10:44, 2012-02-11 10:49,1.50E-06,-17,-10,11416,C,1.36E+21,6.95E+16,1.61E+19,48.3345,0.00854549,5.23E+10,0.0231138,1.06324,0.00011842,0.0992515,11.4
51, 20120307_0002_11429_X5.4, 2012-03-07 00:02, 2012-03-07 00:24, 2012-03-07 00:40,5.40E-04,17,-29,11429,E,8.68E+23,1.23E+19,4.39E+21,52.9964,0.0102264,1.28E+13,0.0312156,293.02,0.000128811,-0.00622418,143
52, 20120308_0249_11428_C7.2, 2012-03-08 02:49, 2012-03-08 02:53, 2012-03-08 02:56,7.20E-06,-18,3,11428,C,6.63E+21,2.10E+17,2.40E+19,78.9138,0.00851442,1.77E+11,0.0212076,3.30839,0.000115154,-0.242116,4.35
53, 20120310_1443_11430_C8.0, 2012-03-10 14:43, 2012-03-10 15:52, 2012-03-10 16:16,8.00E-06,20,28,11430,E,1.19E+22,3.77E+17,8.71E+19,49.0031,0.0075763,3.30E+11,0.0119533,3.9207,0.000102014,-0.0488388,35.4
54, 20120317_2032_11434_M1.3, 2012-03-17 20:32, 2012-03-17 20:39, 2012-03-17 20:42,1.30E-05,-20,25,11434,E,9.60E+21,3.53E+17,3.22E+19,54.7559,0.00847909,3.23E+11,0.0100501,2.88437,0.000110982,-0.0382169,9.27
55, 20120405_1616_11450_C3.1, 2012-04-05 16:16, 2012-04-05 16:24, 2012-04-05 16:32,3.10E-06,14,30,11450,E,1.87E+22,4.85E+17,5.17E+19,38.4516,0.0100398,5.89E+11,0.0203423,8.97096,0.000118212,0.101099,20.2
56, 20120422_2052_11459_C1.9, 2012-04-22 20:52, 2012-04-22 20:56, 2012-04-22 21:00,1.90E-06,-14,24,11459,C,1.18E+21,6.68E+16,9.84E+18,46.7011,0.00957341,6.62E+10,0.00384397,0.199886,8.35E-05,-0.100953,2.92
57, 20120422_2142_11465_C2.4, 2012-04-22 21:42, 2012-04-22 21:48, 2012-04-22 21:53,2.40E-06,-20,-18,11465,C,8.42E+22,2.02E+18,6.49E+20,49.5904,0.00933226,1.88E+12,0.0316576,47.8979,0.000122354,-0.0224092,42.8
58, 20120501_0435_11471_C3.9, 2012-05-01 04:35, 2012-05-01 04:43, 2012-05-01 04:47,3.90E-06,-19,-38,11471,C,2.17E+22,4.96E+17,1.33E+20,63.6344,0.00751894,4.16E+11,0.0117354,4.88194,8.73E-05,0.0740807,8.63326
59, 20120510_0411_11476_M5.7, 2012-05-10 04:11, 2012-05-10 04:18, 2012-05-10 04:40,5.70E-05,13,-22,11476,C,4.18E+23,7.81E+18,1.69E+21,52.0918,0.00873785,6.71E+12,0.0262501,151.752,0.000122249,-0.0337747,121.735
60, 20120523_0015_11484_C1.2, 2012-05-23 00:15, 2012-05-23 00:27, 2012-05-23 00:35,1.20E-06,11,42,11484,C,1.11E+22,4.21E+17,1.05E+20,41.0934,0.00693956,3.27E+11,0.0185754,6.59428,0.000114274,-0.0335946,14.2758
61, 20120614_1252_11504_M1.9, 2012-06-14 12:52, 2012-06-14 14:35, 2012-06-14 15:56,1.90E-05,-17,-4,11504,E,1.47E+23,4.03E+18,1.61E+21,60.1128,0.00781317,3.36E+12,0.0245852,79.6068,0.000117933,0.0414122,26.0197
62, 20120705_1139_11515_M6.1, 2012-07-05 11:39, 2012-07-05 11:44, 2012-07-05 11:49,6.10E-05,-22,32,11515,C,4.49E+23,8.24E+18,2.93E+21,59.099,0.00985781,8.45E+12,0.032046,206.568,0.000148288,0.0147963,156.886
63, 20120708_1748_11519_C9.2, 2012-07-08 17:48, 2012-07-08 18:03, 2012-07-08 18:09,9.20E-06,-16,-30,11519,C,2.71E+19,1.20E+19,4.43E+21,35.7367,0.0256991,3.42E+09,0.186287,0.186287,0.000295061,0.411908,107.443
64, 20120712_1537_11520_X1.4, 2012-07-12 15:37, 2012-07-12 16:49, 2012-07-12 17:30,1.40E-04,-15,1,11520,E,6.35E+23,1.27E+19,4.74E+21,61.8688,0.00773103,9.61E+12,0.0343497,321.067,0.000129256,0.0235106,38.7348
65, 20120714_0451_11521_M1.0, 2012-07-14 04:51, 2012-07-14 04:58, 2012-07-14 05:05,1.00E-05,-22,30,11521,C,3.14E+22,9.77E+17,5.26E+20,55.3031,0.0087606,8.83E+11,0.0170614,12.9325,9.66E-05,-0.0193565,28.3159
66, 20120727_2018_11530_C2.1, 2012-07-27 20:18, 2012-07-27 20:27, 2012-07-27 20:40,2.10E-06,-19,-40,11530,C,7.12E+21,1.71E+17,3.30E+19,65.7116,0.00732268,1.97E+11,0.0100715,2.03444,8.81E-05,-0.0315964,6.81845
67, 20120730_1539_11532_M1.1, 2012-07-30 15:39, 2012-07-30 15:48, 2012-07-30 15:53,1.10E-05,-22,-28,11536,C,1.37E+23,3.53E+18,5.64E+20,71.6333,0.00881522,3.05E+12,0.0116152,30.2576,9.98E-05,-0.035012,32.2949
68, 20120803_2120_11535_C3.0, 2012-08-03 21:20, 2012-08-03 21:27, 2012-08-03 21:31,3.00E-06,18,-14,11535,C,2.43E+21,7.75E+16,1.19E+19,57.9206,0.0079657,5.19E+10,0.0281944,1.38152,0.00015009,-0.065014,2.19357
69, 20120809_0527_11538_C3.2, 2012-08-09 05:27, 2012-08-09 05:33, 2012-08-09 05:35,3.20E-06,-24,35,11538,C,2.27E+20,9.36E+15,1.01E+18,36.8459,0.00560776,5.96E+09,0.00426803,0.0341442,8.43E-05,0.591581,0
70, 20120810_0407_11542_C4.2, 2012-08-10 04:07, 2012-08-10 04:16, 2012-08-10 04:45,4.20E-06,-16,-36,11542,C,1.34E+23,3.38E+18,6.85E+20,62.9336,0.00869801,2.83E+12,0.0149244,36.4751,0.000106128,0.168283,67.282
71, 20120816_1241_11543_C3.6, 2012-08-16 12:41, 2012-08-16 13:16, 2012-08-16 13:48,3.60E-06,19,36,11543,E,2.57E+21,9.09E+16,4.97E+18,44.1938,0.00718014,6.59E+10,0.00314547,0.217037,6.99E-05,0.349354,4.62488
72, 20120825_0224_11554_C1.7, 2012-08-25 02:24, 2012-08-25 02:36, 2012-08-25 02:55,1.70E-06,16,-12,11554,C,7.31E+20,3.48E+16,1.16E+18,64.7571,0.00881019,2.93E+10,0.00734538,0.183635,0.00013453,-0.279304,0
73, 20120908_1735_11564_M1.4, 2012-09-08 17:35, 2012-09-08 17:59, 2012-09-08 18:20,1.40E-05,-13,38,11564,C,5.58E+22,1.81E+18,4.02E+20,60.5056,0.0082415,1.60E+12,0.0132464,19.3397,0.00010295,0.0147408,30.7576
74, 20120909_1451_11568_C1.7, 2012-09-09 14:51, 2012-09-09 14:58, 2012-09-09 15:05,1.70E-06,-11,20,11568,C,7.85E+21,2.75E+17,4.74E+19,46.0499,0.00822798,2.44E+11,0.00902637,2.01288,0.000114485,0.18921,0
75, 20120913_0823_11569_C2.6, 2012-09-13 08:23, 2012-09-13 08:34, 2012-09-13 08:57,2.60E-06,-12,-39,11569,C,8.91E+21,4.58E+17,1.60E+20,56.0432,0.00979494,3.29E+11,0.0359526,9.09601,0.000136248,0.0857751,14.7181
76, 20120927_1704_11579_C4.4, 2012-09-27 17:04, 2012-09-27 17:20, 2012-09-27 17:30,4.40E-06,-18,-39,11579,C,3.37E+21,7.62E+16,5.76E+18,57.0113,0.00734611,1.27E+11,0.0070064,0.910832,8.98E-05,0.11527,6.34858
77, 20121113_0158_11613_M6.0, 2012-11-13 01:58, 2012-11-13 02:04, 2012-11-13 02:06,6.00E-05,-22,-43,11613,E,1.24E+23,2.67E+18,3.89E+20,61.4973,0.0092939,2.45E+12,0.0206673,40.9626,0.000105523,0.163473,48.5411
78, 20121115_0422_11610_C6.3, 2012-11-15 04:22, 2012-11-15 04:37, 2012-11-15 04:51,6.30E-06,-23,36,11610,E,5.40E+21,1.51E+17,2.84E+19,43.7622,0.00938981,2.08E+11,0.00455433,0.760573,8.18E-05,-0.0172169,2.31223
79, 20121121_1510_11618_M3.5, 2012-11-21 15:10, 2012-11-21 15:30, 2012-11-21 15:38,3.50E-05,8,-14,11618,E,1.29E+23,3.36E+18,5.29E+20,55.6657,0.00908398,3.17E+12,0.0260936,68.6001,0.000124436,-0.0947368,25.8802
80, 20121127_2105_11620_M1.0, 2012-11-27 21:05, 2012-11-27 21:26, 2012-11-27 21:30,1.00E-05,-14,41,11620,C,9.24E+22,2.55E+18,9.86E+20,53.9007,0.00902988,2.36E+12,0.0220629,43.3315,0.000125103,-0.00212937,64.1722
81, 20121210_0549_11630_C5.5, 2012-12-10 05:49, 2012-12-10 05:58, 2012-12-10 06:01,5.50E-06,18,-2,11630,E,9.33E+21,4.08E+17,6.35E+19,58.8819,0.00796737,2.98E+11,0.00800981,2.25076,0.000104261,0.0658464,14.9998
82, 20121212_0722_11629_C5.7, 2012-12-12 07:22, 2012-12-12 07:27, 2012-12-12 07:30,5.70E-06,11,16,11629,E,8.55E+21,2.21E+17,5.18E+19,52.508,0.00872206,2.47E+11,0.00879096,1.87247,0.000109274,0.0800257,6.98526
83, 20121225_1258_11635_C4.1, 2012-12-25 12:58, 2012-12-25 13:04, 2012-12-25 13:07,4.10E-06,11,5,11635,C,7.92E+22,1.67E+18,2.38E+20,71.1684,0.0085484,1.48E+12,0.01342,17.4326,0.000115375,-0.0446487,12.3843
84, 20130103_2127_11640_C1.7, 2013-01-03 21:27, 2013-01-03 21:38, 2013-01-03 21:45,1.70E-06,28,21,11640,C,3.37E+22,9.96E+17,4.07E+20,43.4316,0.00921951,1.05E+12,0.0220048,18.8141,0.000129393,-0.017431,22.4015
85, 20130113_0835_11652_M1.7, 2013-01-13 08:35, 2013-01-13 08:38, 2013-01-13 08:40,1.70E-05,19,14,11652,E,5.78E+22,1.28E+18,2.10E+20,65.5169,0.00987088,1.26E+12,0.0200653,19.2426,0.000130379,-0.0823371,26.4244
86, 20130118_1650_11654_C5.8, 2013-01-18 16:50, 2013-01-18 17:07, 2013-01-18 17:12,5.80E-06,12,-30,11654,E,1.13E+22,3.93E+17,5.54E+19,52.8264,0.00776677,3.36E+11,0.00773465,2.51376,8.92E-05,-0.0132539,23.368
87, 20130206_0004_11667_C8.7, 2013-02-06 00:04, 2013-02-06 00:21, 2013-02-06 00:41,8.70E-06,22,-19,11667,E,7.63E+20,4.01E+16,5.53E+18,59.8357,0.0102407,3.54E+10,0.00791211,0.205715,0.000106184,0.0686316,0
88, 20130217_1545_11675_M1.9, 2013-02-17 15:45, 2013-02-17 15:50, 2013-02-17 15:52,1.90E-05,12,-22,11675,E,6.08E+22,9.09E+17,1.32E+20,47.597,0.0106059,9.67E+11,0.025519,17.506,0.000122664,0.338897,33.8687
89, 20130220_1108_11678_C8.2, 2013-02-20 11:08, 2013-02-20 11:11, 2013-02-20 11:13,8.20E-06,10,40,11678,C,7.94E+22,1.92E+18,9.13E+20,42.5258,0.00997696,2.28E+12,0.0276101,47.5722,0.000150878,-0.0593482,45.981
90, 20130312_2242_11692_C3.6, 2013-03-12 22:42, 2013-03-12 22:46, 2013-03-12 22:49,3.60E-06,-21,41,11692,C,1.07E+22,3.26E+17,4.76E+19,52.7944,0.0107493,3.20E+11,0.0076968,1.72408,0.000110835,0.302043,10.1536
91, 20130315_1039_11696_C2.2, 2013-03-15 10:39, 2013-03-15 10:44, 2013-03-15 10:46,2.20E-06,5,9,11696,C,1.61E+21,5.08E+16,2.36E+18,31.7579,0.00734688,4.49E+10,0.00839233,0.386047,9.51E-05,0.0237694,3.89609
92, 20130319_1350_11695_C1.5, 2013-03-19 13:50, 2013-03-19 14:23, 2013-03-19 14:42,1.50E-06,10,23,11695,E,1.07E+21,1.74E+16,9.42E+17,36.9686,0.00922962,4.54E+10,0.00394939,0.146128,9.85E-05,0.0509492,0
93, 20130411_1009_11721_C4.2, 2013-04-11 10:09, 2013-04-11 10:13, 2013-04-11 10:15,4.20E-06,-16,-26,11721,E,8.06E+21,3.09E+17,1.36E+20,70.5211,0.00899143,3.05E+11,0.0319953,8.1588,0.000185118,0.0211164,6.7793
94, 20130412_1952_11718_M3.3, 2013-04-12 19:52, 2013-04-12 20:38, 2013-04-12 20:46,3.30E-05,22,42,11718,C,4.17E+22,1.24E+18,3.92E+20,48.2073,0.0100964,1.27E+12,0.0189396,17.9358,0.000136559,0.0106851,28.1267
95, 20130422_1022_11726_M1.0, 2013-04-22 10:22, 2013-04-22 10:29, 2013-04-22 10:31,1.00E-05,12,22,11726,E,1.91E+23,2.92E+18,8.55E+20,44.9729,0.00908168,2.82E+12,0.0253369,59.1361,0.000128109,0.0185572,58.4142
96, 20130428_2010_11733_C4.4, 2013-04-28 20:10, 2013-04-28 20:17, 2013-04-28 20:26,4.40E-06,-18,37,11733,E,1.08E+22,3.42E+17,2.97E+19,52.21,0.00762951,2.66E+11,0.00621605,1.62861,8.86E-05,-0.0319655,7.36628
97, 20130501_0120_11730_C9.6, 2013-05-01 01:20, 2013-05-01 01:26, 2013-05-01 01:30,9.60E-06,-18,35,11730,C,6.87E+22,1.68E+18,3.67E+20,53.381,0.00802347,1.50E+12,0.0134584,18.8686,0.000104182,0.0341954,48.1699
98, 20130501_0409_11732_C2.7, 2013-05-01 04:09, 2013-05-01 04:15, 2013-05-01 04:22,2.70E-06,-20,-26,11732,C,1.10E+20,5.35E+15,2.45E+17,41.5689,0.00301812,1.60E+09,0.00314077,0.0125631,7.76E-05,0.117598,5.23062
99, 20130502_2041_11734_C2.8, 2013-05-02 20:41, 2013-05-02 20:46, 2013-05-02 20:49,2.80E-06,-19,-27,11734,C,1.07E+21,5.35E+16,4.69E+18,55.4497,0.00750847,3.59E+10,0.0165694,0.5965,7.84E-05,-0.0340539,4.79749
100, 20130503_1639_11731_M1.3, 2013-05-03 16:39, 2013-05-03 16:55, 2013-05-03 17:22,1.30E-05,10,38,11731,C,4.47E+22,1.41E+18,4.05E+20,55.0623,0.00787433,1.14E+12,0.00991604,10.8283,9.41E-05,0.00840505,29.2617
101, 20130513_2158_11745_C8.3, 2013-05-13 21:58, 2013-05-13 22:05, 2013-05-13 22:11,8.30E-06,12,-37,11745,C,1.07E+23,2.65E+18,5.02E+20,63.2722,0.00834196,2.30E+12,0.00935052,19.3743,0.000102464,-0.0187021,51.6891
102, 20130517_0843_11748_M3.2, 2013-05-17 08:43, 2013-05-17 08:57, 2013-05-17 09:19,3.20E-05,10,-35,11748,E,7.10E+22,1.82E+18,3.18E+20,52.0176,0.00835723,1.44E+12,0.0104725,13.6038,9.00E-05,-0.0929958,37.8763
103, 20130523_1443_11756_C3.9, 2013-05-23 14:43, 2013-05-23 14:50, 2013-05-23 15:00,3.90E-06,-20,-37,11756,C,1.01E+23,2.34E+18,3.40E+20,61.3288,0.00938877,2.24E+12,0.0136652,24.4881,0.000111417,-0.123916,35.4754
104, 20130525_1039_11755_C2.1, 2013-05-25 10:39, 2013-05-25 10:49, 2013-05-25 10:59,2.10E-06,11,-26,11755,C,1.48E+21,4.81E+16,1.01E+19,37.0585,0.00954344,6.34E+10,0.0330185,1.65093,0.000144504,0.0142804,1.09679
105, 20130603_0703_11762_C9.5, 2013-06-03 07:03, 2013-06-03 07:25, 2013-06-03 07:42,9.50E-06,-27,21,11762,E,5.35E+22,1.89E+18,3.65E+20,46.2932,0.00818754,1.46E+12,0.00731433,9.83778,8.81E-05,0.0509078,19.7549
106, 20130624_1636_11775_C2.0, 2013-06-24 16:36, 2013-06-24 16:41, 2013-06-24 16:44,2.00E-06,-26,32,11775,C,1.25E+22,4.38E+17,7.11E+19,50.5762,0.00951378,4.34E+11,0.0117926,4.04487,9.77E-05,-0.0021947,8.5803
107, 20130708_0113_11785_C9.7, 2013-07-08 01:13, 2013-07-08 01:22, 2013-07-08 01:23,9.70E-06,-7,3,11785,C,1.00E+23,2.66E+18,8.90E+20,68.9831,0.0084498,2.18E+12,0.0221958,43.0598,0.000145817,0.020763,57.5538
108, 20130710_0624_11787_C4.9, 2013-07-10 06:24, 2013-07-10 06:40, 2013-07-10 06:53,4.90E-06,-15,13,11787,C,4.72E+20,9.22E+16,2.58E+19,62.1611,0.00739215,1.67E+10,0.00790961,0.134463,0.000103846,0.0719324,21.4087
109, 20130715_1028_11791_C3.6, 2013-07-15 10:28, 2013-07-15 10:55, 2013-07-15 11:15,3.60E-06,-12,-16,11791,C,5.35E+22,1.31E+18,2.67E+20,73.201,0.00792605,9.83E+11,0.00266604,2.48742,7.44E-05,-0.234279,9.68289
110, 20130721_0824_11800_C3.1, 2013-07-21 08:24, 2013-07-21 08:44, 2013-07-21 09:39,3.10E-06,-6,-31,11800,C,6.65E+21,2.09E+17,1.19E+20,48.1795,0.00867701,2.17E+11,0.00605098,1.13758,9.25E-05,0.0716232,3.33511
111, 20130812_1021_11817_M1.5, 2013-08-12 10:21, 2013-08-12 10:41, 2013-08-12 10:47,1.50E-05,-17,-19,11817,E,9.67E+22,1.81E+18,5.60E+20,51.504,0.0109549,1.96E+12,0.0448831,60.278,0.000196516,-0.113502,28.5292
112, 20130817_1816_11818_M3.3, 2013-08-17 18:16, 2013-08-17 18:24, 2013-08-17 18:35,3.30E-05,-7,30,11818,E,1.87E+23,2.53E+18,6.33E+20,63.4191,0.00965557,2.58E+12,0.0332185,66.8024,0.000107544,0.135226,25.7543
113, 20130929_0511_11850_C1.6, 2013-09-29 05:11, 2013-09-29 05:25, 2013-09-29 05:42,1.60E-06,9,44,11850,C,3.24E+21,8.02E+16,8.33E+18,41.2891,0.00900142,1.22E+11,0.00585036,0.596736,9.73E-05,-0.0205541,4.83564
114, 20131022_2115_11875_M4.2, 2013-10-22 21:15, 2013-10-22 21:20, 2013-10-22 21:44,4.20E-05,4,1,11875,E,1.17E+23,3.69E+18,8.98E+20,47.0682,0.0095297,3.36E+12,0.0268333,71.2693,0.000151697,-0.0210691,60.7333
115, 20131024_0021_11877_M9.3, 2013-10-24 00:21, 2013-10-24 00:30, 2013-10-24 00:50,9.30E-05,-10,-8,11877,E,6.24E+22,1.75E+18,2.92E+20,69.1647,0.00863489,1.48E+12,0.0169484,21.9143,0.000107912,0.0303095,36.4134
116, 20131028_1507_11882_M4.4, 2013-10-28 15:07, 2013-10-28 15:15, 2013-10-28 15:21,4.40E-05,-8,-26,11882,E,9.23E+22,1.62E+18,3.64E+20,56.2984,0.0105413,1.94E+12,0.0241504,33.3518,0.000134831,0.0504814,28.6805
117, 20131108_0420_11890_X1.1, 2013-11-08 04:20, 2013-11-08 04:26, 2013-11-08 04:49,1.10E-04,-14,-15,11890,E,1.80E+23,3.21E+18,6.66E+20,62.2137,0.00957953,3.19E+12,0.0165718,41.4793,0.00011899,0.0643005,39.025
118, 20131108_0922_11891_M2.3, 2013-11-08 09:22, 2013-11-08 09:28, 2013-11-08 09:31,2.30E-05,-18,28,11891,E,3.97E+22,9.38E+17,3.91E+20,57.4437,0.010302,9.23E+11,0.0373982,25.2064,0.000166961,0.0584995,27.3605
119, 20131116_0615_11897_C8.6, 2013-11-16 06:15, 2013-11-16 06:21, 2013-11-16 06:28,8.60E-06,-21,-9,11897,C,3.25E+22,8.67E+17,7.44E+19,68.9382,0.00956236,8.31E+11,0.00612961,4.00877,9.61E-05,0.0356265,33.2959
120, 20131116_0745_11900_M1.6, 2013-11-16 07:45, 2013-11-16 07:49, 2013-11-16 07:53,1.60E-05,-19,29,11900,C,4.75E+22,9.68E+17,1.45E+20,53.7947,0.00996971,9.45E+11,0.00274001,1.95363,8.99E-05,-9.89E-06,15.9476
121, 20131117_1410_11899_C1.7, 2013-11-17 14:10, 2013-11-17 14:14, 2013-11-17 14:18,1.70E-06,6,-23,11899,C,7.81E+22,1.77E+18,1.89E+20,45.3487,0.00845234,1.58E+12,0.0045214,6.35709,8.84E-05,-0.0131123,3.1625
122, 20131205_1735_11909_C6.7, 2013-12-05 17:35, 2013-12-05 17:43, 2013-12-05 17:50,6.70E-06,-17,20,11909,C,1.60E+21,5.75E+16,5.62E+18,54.0701,0.00975097,6.87E+10,0.00437505,0.231878,8.51E-05,-0.301219,4.19896
123, 20131207_0430_11916_C3.3, 2013-12-07 04:30, 2013-12-07 04:36, 2013-12-07 04:42,3.30E-06,-15,12,11916,C,4.83E+21,2.10E+17,1.27E+19,47.2166,0.00883354,1.78E+11,0.041405,6.29356,0.000136618,0.0323566,8.79446
124, 20131212_2205_11921_C5.9, 2013-12-12 22:05, 2013-12-12 22:14, 2013-12-12 22:19,5.90E-06,10,-38,11921,C,3.93E+20,3.21E+16,2.30E+18,51.9435,0.0132074,2.46E+10,0.0171319,0.239847,0.000100909,0.36013,0.817495
125, 20131228_1306_11934_C2.6, 2013-12-28 13:06, 2013-12-28 13:15, 2013-12-28 13:31,2.60E-06,-20,34,11934,C,7.82E+21,3.18E+17,4.08E+19,57.6625,0.0092011,2.92E+11,0.0156833,3.7483,0.000117567,-0.0681031,8.84502
126, 20131231_2145_11936_M6.4, 2013-12-31 21:45, 2013-12-31 21:58, 2013-12-31 22:20,6.40E-05,-16,35,11936,E,1.11E+23,2.68E+18,6.09E+20,62.988,0.00855991,2.52E+12,0.0111654,24.7202,0.000106319,-0.0459308,34.7538
127, 20140107_1804_11944_X1.2, 2014-01-07 18:04, 2014-01-07 18:32, 2014-01-07 18:58,1.20E-04,-14,7,11944,E,3.25E+23,7.34E+18,1.73E+21,5.25E+01,0.0085396,7.19E+12,0.0213552,135.328,0.000133552,0.0348027,58.3063
128, 20140202_0624_11968_M2.6, 2014-02-02 06:24, 2014-02-02 06:34, 2014-02-02 06:53,2.60E-05,12,-18,11968,E,1.67E+23,3.65E+18,5.78E+20,58.7386,0.00870225,3.08E+12,0.0077392,20.6327,9.52E-05,0.00719415,51.1343
129, 20140204_0357_11967_M5.2, 2014-02-04 03:57, 2014-02-04 04:00, 2014-02-04 04:06,5.20E-05,-14,6,11967,C,1.47E+24,1.97E+19,6.89E+21,53.373,0.0100462,2.02E+13,0.0471195,713.201,0.000128782,-0.0434046,183.108
130, 20140212_0352_11974_M3.7, 2014-02-12 03:52, 2014-02-12 04:25, 2014-02-12 04:38,3.70E-05,-12,2,11974,E,1.74E+23,4.09E+18,3.44E+20,59.1754,0.00945186,4.01E+12,0.0101123,32.248,0.000113574,0.0820022,96.5369
131, 20140218_0127_11976_C4.7, 2014-02-18 01:27, 2014-02-18 01:33, 2014-02-18 01:40,4.70E-06,-16,42,11976,C,7.01E+21,2.30E+17,5.02E+19,24.0906,0.00733293,2.22E+11,0.0101476,2.31365,9.39E-05,-0.0805418,0
132, 20140225_1504_11986_C5.7, 2014-02-25 15:04, 2014-02-25 15:10, 2014-02-25 15:18,5.70E-06,13,-3,11986,C,6.00E+20,2.54E+16,5.61E+17,30.3541,0.00921458,2.45E+10,0.0106001,0.212002,0.000153777,0.0076262,0
133, 20140226_1452_11982_M1.1, 2014-02-26 14:52, 2014-02-26 15:01, 2014-02-26 15:10,1.10E-05,-10,41,11982,E,4.29E+22,2.70E+18,6.91E+20,49.3358,0.0080143,8.72E+11,0.0131659,10.7829,0.000117259,-0.0376463,62.0772
134, 20140301_0055_11993_C4.3, 2014-03-01 00:55, 2014-03-01 00:59, 2014-03-01 01:02,4.30E-06,16,-34,11993,C,2.04E+22,6.70E+17,6.51E+19,48.1511,0.0111541,7.50E+11,0.00308082,1.55889,8.65E-05,0.0766715,23.353
135, 20140303_1554_11989_M1.2, 2014-03-03 15:54, 2014-03-03 15:58, 2014-03-03 16:01,1.20E-05,5,36,11989,E,3.94E+22,1.12E+18,2.19E+20,55.1483,0.00943803,1.03E+12,0.0185868,15.297,0.000120275,0.0548922,17.585
136, 20140310_1129_11996_C6.0, 2014-03-10 11:29, 2014-03-10 11:42, 2014-03-10 11:49,6.00E-06,14,37,11996,C,5.67E+22,1.39E+18,6.58E+20,45.9137,0.00926805,1.46E+12,0.0179919,21.3024,0.000114687,-0.0548135,46.1721
137, 20140316_0806_12005_C2.2, 2014-03-16 08:06, 2014-03-16 08:13, 2014-03-16 08:31,2.20E-06,14,-42,12005,C,8.75E+21,1.90E+17,3.14E+19,28.8605,0.0087903,3.53E+11,0.00659873,1.99282,8.42E-05,0.00702371,0
138, 20140323_0305_12014_C5.0, 2014-03-23 03:05, 2014-03-23 03:48, 2014-03-23 04:30,5.00E-06,-12,-40,12014,E,1.51E+21,6.01E+16,4.02E+18,75.7468,0.00995421,6.22E+10,0.00280736,0.131946,7.03E-05,-0.443924,12.8102
139, 20140329_1735_12017_X1.0, 2014-03-29 17:35, 2014-03-29 17:48, 2014-03-29 18:04,1.00E-04,11,32,12017,E,6.75E+22,1.47E+18,5.01E+20,60.1929,0.008647,1.53E+12,0.0212794,28.3229,0.000134528,-0.0251084,17.4822
140, 20140404_1334_12027_C8.3, 2014-04-04 13:34, 2014-04-04 13:48, 2014-04-04 13:56,8.30E-06,13,-26,12027,E,2.23E+21,9.22E+16,5.56E+18,53.8375,0.00865661,7.02E+10,0.00266865,0.162788,8.03E-05,-0.112671,0
141, 20140404_1447_12021_C6.2, 2014-04-04 14:47, 2014-04-04 14:54, 2014-04-04 15:00,6.20E-06,-13,30,12021,C,4.75E+22,1.77E+18,2.44E+20,48.5431,0.00952192,1.62E+12,0.018242,23.3498,0.000114777,-0.0162386,23.1304
142, 20140416_0812_12034_C4.5, 2014-04-16 08:12, 2014-04-16 08:16, 2014-04-16 08:20,4.50E-06,3,1,12034,C,1.21E+21,3.34E+16,9.60E+18,32.6368,0.00882213,4.69E+10,0.00182704,0.0730816,0.00011302,-0.000144701,0.817495
143, 20140416_1954_12035_M1.0, 2014-04-16 19:54, 2014-04-16 19:59, 2014-04-16 20:04,1.00E-05,-14,-9,12035,E,1.04E+22,3.30E+17,8.15E+19,70.2206,0.00741121,2.96E+11,0.0211702,6.35106,0.000123344,0.00190445,0
144, 20140418_1231_12036_M7.3, 2014-04-18 12:31, 2014-04-18 13:03, 2014-04-18 13:20,7.30E-05,-19,28,12036,E,7.09E+22,1.79E+18,3.38E+20,57.127,0.00843286,1.54E+12,0.0111265,15.3212,0.0001038,0.00633468,29.6934
145, 20140421_1930_12038_C5.1, 2014-04-21 19:30, 2014-04-21 20:02, 2014-04-21 20:26,5.10E-06,-11,14,12038,E,2.84E+20,2.14E+16,1.03E+18,54.9508,0.00717878,9.54E+09,0.00856615,0.0856615,0.000109897,-0.242369,0
146, 20140423_2322_12044_C3.3, 2014-04-23 23:22, 2014-04-23 23:53, 2014-04-24 00:05,3.30E-06,-19,-10,12044,E,1.11E+20,1.20E+16,3.58E+17,57.7792,0.0158491,8.43E+09,0.0211874,0.0847495,0.000148076,-0.4356,0
147, 20140502_0917_12047_C4.4, 2014-05-02 09:17, 2014-05-02 09:40, 2014-05-02 10:01,4.40E-06,-18,13,12047,C,6.64E+22,1.47E+18,2.04E+20,66.8945,0.00883752,1.35E+12,0.0132374,15.17,0.000106942,-0.0661593,12.8298
148, 20140504_1716_12053_C1.4, 2014-05-04 17:16, 2014-05-04 17:38, 2014-05-04 17:50,1.40E-06,10,-44,12053,C,9.49E+21,2.38E+17,3.55E+19,49.1608,0.00959362,2.36E+11,0.0120815,2.23507,0.000106553,0.306673,8.74236
149, 20140510_0651_12056_C8.7, 2014-05-10 06:51, 2014-05-10 07:02, 2014-05-10 07:30,8.70E-06,3,-31,12056,C,9.43E+22,2.25E+18,3.07E+20,71.7503,0.00881231,1.97E+12,0.0173658,29.2788,0.000112523,0.00602877,10.866
150, 20140510_2347_12055_C4.2, 2014-05-10 23:47, 2014-05-10 23:54, 2014-05-11 00:01,4.20E-06,12,-18,12055,C,1.13E+22,3.94E+17,1.03E+20,49.0557,0.00926261,3.71E+11,0.0102078,3.07255,0.00010321,-0.0204072,7.99814
151, 20140515_0336_12060_C3.2, 2014-05-15 03:36, 2014-05-15 03:40, 2014-05-15 03:44,3.20E-06,-14,5,12060,C,2.73E+19,1.34E+15,1.57E+16,40.6315,0.00783697,1.04E+09,0.00116706,0.00116706,0.000105833,4.0511,3.1625
152, 20140517_0234_12066_C3.3, 2014-05-17 02:34, 2014-05-17 02:39, 2014-05-17 02:48,3.30E-06,-15,-1,12066,C,1.12E+22,2.83E+17,8.44E+18,52.5593,0.00899453,2.55E+11,0.0206894,4.40684,0.000140091,0.161058,11.4717
153, 20140603_0358_12077_M1.3, 2014-06-03 03:58, 2014-06-03 04:09, 2014-06-03 04:17,1.30E-05,-5,-30,12077,E,1.87E+21,4.41E+16,8.16E+18,41.1771,0.0085041,6.56E+10,0.00654403,0.379554,0.000114545,0.109242,1.33452
154, 20140611_0256_12082_C2.3, 2014-06-11 02:56, 2014-06-11 03:02, 2014-06-11 03:10,2.30E-06,13,28,12082,C,2.22E+21,6.55E+16,5.42E+18,24.0278,0.0086694,7.95E+10,0.00267226,0.184386,7.71E-05,0.284577,0
155, 20140611_0530_12080_M1.8, 2014-06-11 05:30, 2014-06-11 05:34, 2014-06-11 05:36,1.80E-05,-12,35,12080,E,5.83E+22,1.33E+18,5.05E+20,67.2584,0.00764929,1.01E+12,0.0167735,16.656,0.000105813,0.0249569,21.1734
156, 20140612_1956_12089_M1.1, 2014-06-12 19:56, 2014-06-12 20:03, 2014-06-12 20:05,1.10E-05,17,-5,12089,E,3.25E+22,6.43E+17,9.09E+19,54.546,0.00902827,5.69E+11,0.00580417,2.75117,9.91E-05,-0.00390801,19.7134
157, 20140613_0749_12087_M2.6, 2014-06-13 07:49, 2014-06-13 07:56, 2014-06-13 07:59,2.60E-05,-18,-40,12087,E,1.42E+23,3.06E+18,8.97E+20,63.3859,0.00859875,2.65E+12,0.0226879,52.5451,0.000106607,0.0736319,38.1952
158, 20140620_1049_12093_C5.0, 2014-06-20 10:49, 2014-06-20 11:20, 2014-06-20 11:42,5.00E-06,-9,-15,12093,E,9.45E+21,3.44E+17,2.07E+19,68.0618,0.00768747,2.34E+11,0.00900956,2.06319,9.95E-05,-0.052108,5.22821
159, 20140630_0652_12100_C2.2, 2014-06-30 06:52, 2014-06-30 07:02, 2014-06-30 07:10,2.20E-06,9,-20,12100,C,7.89E+21,2.22E+17,2.77E+19,46.5619,0.0105889,2.39E+11,0.00345604,0.587526,9.66E-05,-0.0580034,5.80697
160, 20140704_1430_12108_C4.2, 2014-07-04 14:30, 2014-07-04 14:39, 2014-07-04 14:48,4.20E-06,-6,-34,12108,C,3.20E+22,1.04E+18,2.34E+20,53.801,0.00840682,8.58E+11,0.0168941,12.9747,0.000116232,-0.0247771,18.4864
161, 20140707_0713_12102_C2.6, 2014-07-07 07:13, 2014-07-07 07:34, 2014-07-07 07:47,2.60E-06,16,38,12102,C,1.10E+21,3.61E+16,3.55E+18,51.1143,0.00655696,3.31E+10,0.0169041,0.642356,0.000109399,0.0778457,0
162, 20140708_2132_12107_C2.3, 2014-07-08 21:32, 2014-07-08 21:36, 2014-07-08 21:39,2.30E-06,-20,30,12107,C,1.28E+21,5.35E+16,5.31E+18,45.1288,0.00896737,4.89E+10,0.00365795,0.149976,8.15E-05,0.204673,8.83947
163, 20140710_2100_12113_C7.4, 2014-07-10 21:00, 2014-07-10 21:13, 2014-07-10 21:37,7.40E-06,9,-35,12113,E,1.28E+21,5.35E+16,4.87E+18,30.8311,0.00565135,3.08E+10,0.00515556,0.211378,9.01E-05,-0.00484704,0
164, 20140711_0039_12109_C4.6, 2014-07-11 00:39, 2014-07-11 00:44, 2014-07-11 00:48,4.60E-06,-6,32,12109,C,2.90E+22,9.56E+17,1.90E+20,52.1209,0.00830485,8.48E+11,0.0177242,13.6122,0.000119529,7.25E-06,35.6933
165, 20140725_0657_12121_C2.2, 2014-07-25 06:57, 2014-07-25 07:02, 2014-07-25 07:07,2.20E-06,9,-35,12121,C,3.53E+21,1.32E+17,3.82E+19,50.4201,0.00742135,1.07E+11,0.00867531,0.936934,9.18E-05,-0.0157651,5.10036
166, 20140801_1443_12130_M2.0, 2014-08-01 14:43, 2014-08-01 14:48, 2014-08-01 14:57,2.00E-05,-12,-42,12130,C,1.07E+22,3.44E+17,4.97E+19,60.0496,0.00820252,2.81E+11,0.0208407,5.3769,0.000122358,-0.0173816,23.16
167, 20140802_1312_12132_C2.7, 2014-08-02 13:12, 2014-08-02 13:28, 2014-08-02 13:38,2.70E-06,-18,-40,12132,C,1.07E+22,3.88E+17,6.06E+19,50.0208,0.00927762,4.08E+11,0.00936063,3.09837,0.000103195,-0.00925145,51.4929
168, 20140808_1657_12135_C4.5, 2014-08-08 16:57, 2014-08-08 17:01, 2014-08-08 17:03,4.50E-06,13,-44,12135,C,9.49E+20,3.34E+16,3.22E+18,42.6599,0.0111091,4.43E+10,0.0134452,0.403357,9.09E-05,0.281706,0.365595
169, 20140821_2354_12148_C6.6, 2014-08-21 23:54, 2014-08-22 00:06, 2014-08-22 00:10,6.60E-06,5,-27,12148,C,1.83E+22,6.32E+17,9.88E+19,92.3858,0.00925948,5.65E+11,0.0205264,9.42159,0.000113321,-0.111676,13.3127
170, 20140825_2006_12146_M3.9, 2014-08-25 20:06, 2014-08-25 20:21, 2014-08-25 20:29,3.90E-05,9,38,12146,E,2.26E+23,4.66E+18,1.10E+21,66.8316,0.00884431,4.15E+12,0.0285348,100.699,0.000118852,-0.0815694,50.4954
171, 20140827_0230_12151_C1.4, 2014-08-27 02:30, 2014-08-27 02:35, 2014-08-27 02:39,1.40E-06,-11,-40,12151,C,3.96E+21,1.50E+17,2.12E+19,64.8853,0.0063678,1.03E+11,0.00620563,0.757087,8.91E-05,0.0453804,0
172, 20140904_1310_12152_C6.3, 2014-09-04 13:10, 2014-09-04 13:30, 2014-09-04 13:45,6.30E-06,-15,26,12152,C,2.02E+21,8.55E+16,2.88E+18,46.1421,0.00914946,7.66E+10,0.0148174,0.933499,0.000126372,-0.036963,12.8216
173, 20140910_1721_12158_X1.6, 2014-09-10 17:21, 2014-09-10 17:45, 2014-09-10 18:20,1.60E-04,14,-2,12158,E,9.04E+22,2.70E+18,4.28E+20,62.2113,0.00780969,2.11E+12,0.0131968,26.8687,9.94E-05,-0.112487,10.2804
174, 20140923_2303_12172_M2.3, 2014-09-23 23:03, 2014-09-23 23:16, 2014-09-23 23:28,2.30E-05,-13,-33,12172,E,6.01E+22,1.92E+18,3.40E+20,59.8363,0.0075714,1.57E+12,0.0169036,26.3357,0.000108895,0.0118737,34.2224
175, 20140928_0239_12173_M5.1, 2014-09-28 02:39, 2014-09-28 02:58, 2014-09-28 03:19,5.10E-05,-13,23,12173,E,1.87E+22,1.12E+18,2.51E+20,47.2379,0.00804927,5.36E+11,0.0212373,10.6399,0.000135638,-0.0866677,12.4494
176, 20140929_0534_12177_C5.4, 2014-09-29 05:34, 2014-09-29 05:54, 2014-09-29 06:05,5.40E-06,13,-42,12177,C,4.05E+22,1.30E+18,4.00E+20,56.0307,0.00854397,1.11E+12,0.0258323,25.2382,0.00012982,-0.00954748,33.9169
177, 20141003_1041_12181_C2.2, 2014-10-03 10:41, 2014-10-03 10:46, 2014-10-03 10:53,2.20E-06,-11,5,12181,C,3.10E+21,1.36E+17,7.94E+18,51.6968,0.00683818,8.82E+10,0.0050166,0.48661,8.15E-05,0.0889278,3.9824
178, 20141009_0154_12182_M1.4, 2014-10-09 01:54, 2014-10-09 01:58, 2014-10-09 02:02,1.40E-05,-16,42,12182,E,1.20E+23,2.61E+18,6.32E+20,48.2134,0.00914256,2.61E+12,0.00993636,21.3036,9.34E-05,-0.00267567,55.2577
179, 20141024_2107_12192_X3.1, 2014-10-24 21:07, 2014-10-24 21:41, 2014-10-24 22:13,3.10E-04,-16,21,12192,C,4.78E+23,1.42E+19,5.48E+21,45.1661,0.00817437,1.05E+13,0.0193959,187.034,0.000111555,-0.0270916,91.628
180, 20141107_1653_12205_X1.6, 2014-11-07 16:53, 2014-11-07 17:26, 2014-11-07 17:34,1.60E-04,15,-33,12205,E,4.03E+23,5.86E+18,1.88E+21,58.547,0.00840167,4.82E+12,0.0180213,77.7619,0.00012179,0.0330455,113.332
181, 20141114_0558_12208_C4.2, 2014-11-14 05:58, 2014-11-14 06:02, 2014-11-14 06:07,4.20E-06,-12,-15,12208,C,4.23E+22,1.03E+18,1.28E+20,93.9086,0.00923486,9.81E+11,0.0155406,12.417,0.000123828,-0.108306,15.8531
182, 20141127_0547_12216_C2.8, 2014-11-27 05:47, 2014-11-27 05:53, 2014-11-27 06:02,2.80E-06,-10,15,12216,C,5.08E+21,1.34E+17,1.65E+19,60.4996,0.0078601,1.21E+11,0.00646433,0.749862,0.000110332,-0.0482467,10.2862
183, 20141129_1321_12219_C6.5, 2014-11-29 13:21, 2014-11-29 13:49, 2014-11-29 14:18,6.50E-06,4,34,12219,C,3.76E+22,1.07E+18,3.69E+20,47.5502,0.0087245,9.40E+11,0.0252324,20.4635,0.000134782,0.00737434,32.3233
184, 20141130_1716_12221_C2.1, 2014-11-30 17:16, 2014-11-30 17:19, 2014-11-30 17:21,2.10E-06,5,-28,12221,C,1.69E+21,5.08E+16,9.75E+18,55.132,0.00792442,4.11E+10,0.0241334,0.941203,9.31E-05,-0.0666016,0
185, 20141202_0758_12217_C5.2, 2014-12-02 07:58, 2014-12-02 08:05, 2014-12-02 08:10,5.20E-06,-17,38,12217,C,3.97E+22,1.23E+18,2.03E+20,53.927,0.00888349,1.17E+12,0.0103248,10.2215,9.49E-05,0.0166202,17.0679
186, 20141204_1805_12222_M6.1, 2014-12-04 18:05, 2014-12-04 18:25, 2014-12-04 18:56,6.10E-05,-20,32,12222,C,2.52E+22,8.86E+17,2.02E+20,48.3069,0.00951624,7.86E+11,0.00963913,5.9859,0.000123948,-0.0363465,17.9212
187, 20141209_0958_12230_C8.6, 2014-12-09 09:58, 2014-12-09 10:24, 2014-12-09 10:35,8.60E-06,-15,-31,12230,C,5.46E+22,1.34E+18,9.79E+19,62.193,0.00870811,1.16E+12,0.00802888,8.01281,0.000127372,0.0871466,26.7558
188, 20141214_0804_12237_C3.1, 2014-12-14 08:04, 2014-12-14 08:09, 2014-12-14 08:12,3.10E-06,-15,-41,12237,E,1.62E+22,5.01E+17,8.35E+19,43.3958,0.00901986,4.54E+11,0.00445693,1.68918,8.28E-05,0.0793762,33.1823
189, 20141215_1240_12239_C1.5, 2014-12-15 12:40, 2014-12-15 12:43, 2014-12-15 12:51,1.50E-06,14,-25,12239,C,1.16E+22,3.48E+17,1.03E+20,56.6848,0.00864194,2.78E+11,0.0304305,7.36418,0.000168079,-0.0154125,3.52809
190, 20141218_2141_12241_M6.9, 2014-12-18 21:41, 2014-12-18 21:58, 2014-12-18 22:25,6.90E-05,-15,-8,12241,E,2.07E+23,4.62E+18,8.89E+20,52.1209,0.00819001,3.77E+12,0.0183024,63.3995,0.000131251,0.0361697,76.3988
191, 20141220_0011_12242_X1.8, 2014-12-20 00:11, 2014-12-20 00:28, 2014-12-20 00:55,1.80E-04,-21,24,12242,E,4.18E+23,8.44E+18,2.33E+21,56.7831,0.00859164,7.52E+12,0.0204836,134.843,0.000121655,0.0356305,97.8016
192, 20141221_0447_12244_C5.4, 2014-12-21 04:47, 2014-12-21 04:55, 2014-12-21 05:08,5.40E-06,-2,-42,12244,C,2.94E+22,8.10E+17,1.47E+20,53.1773,0.0106126,8.94E+11,0.00973762,6.17365,0.000110848,-0.048272,21.0161
193, 20141226_1800_12249_C6.5, 2014-12-26 18:00, 2014-12-26 18:07, 2014-12-26 18:15,6.50E-06,-12,33,12249,C,2.50E+22,1.07E+18,2.76E+20,44.4782,0.00970863,8.98E+11,0.0135611,9.43852,0.000108743,0.110657,28.0401
194, 20141230_0610_12251_C2.6, 2014-12-30 06:10, 2014-12-30 06:46, 2014-12-30 07:00,2.60E-06,-13,-29,12251,C,7.11E+21,2.65E+17,6.03E+19,52.9199,0.00916458,2.64E+11,0.0102226,2.2183,0.000115664,-0.0249305,3.6144
195, 20150104_1518_12253_M1.3, 2015-01-04 15:18, 2015-01-04 15:36, 2015-01-04 15:53,1.30E-05,-7,-2,12253,C,4.16E+22,1.01E+18,6.00E+20,52.7578,0.00706953,7.54E+11,0.0163628,13.1229,0.000116109,-0.0235396,21.6456
196, 20150109_0804_12257_C9.6, 2015-01-09 08:04, 2015-01-09 08:17, 2015-01-09 08:34,9.60E-06,6,18,12257,C,8.88E+21,3.31E+17,1.36E+20,52.7502,0.00834987,2.44E+11,0.0123999,2.72798,0.000125582,-0.00892801,0
197, 20150111_1442_12255_C1.6, 2015-01-11 14:42, 2015-01-11 15:14, 2015-01-11 15:34,1.60E-06,-16,44,12255,C,8.15E+22,2.11E+18,2.87E+20,65.7696,0.0095081,1.99E+12,0.0101029,15.9324,9.69E-05,-0.103932,13.0064
198, 20150112_0426_12260_C6.1, 2015-01-12 04:26, 2015-01-12 04:32, 2015-01-12 04:36,6.10E-06,7,21,12260,C,2.46E+22,4.73E+17,6.60E+19,57.3376,0.0085576,4.23E+11,0.00586084,2.18023,0.000111635,-0.0383251,14.2083
199, 20150114_0646_12259_C2.3, 2015-01-14 06:46, 2015-01-14 06:51, 2015-01-14 06:57,2.30E-06,-14,2,12259,C,1.10E+21,2.81E+16,1.98E+18,51.97,0.00885401,4.12E+10,0.00181159,0.0634057,5.86E-05,0.378422,2.13567
200, 20150119_2041_12266_C3.3, 2015-01-19 20:41, 2015-01-19 20:48, 2015-01-19 20:52,3.30E-06,-7,-6,12266,C,5.37E+19,4.01E+15,1.08E+18,22.1588,0.00608372,1.62E+09,0.000477697,0.000955394,0.000104387,1.56089,4.40492
201, 20150127_0543_12273_C2.4, 2015-01-27 05:43, 2015-01-27 05:47, 2015-01-27 05:49,2.40E-06,-3,-1,12273,C,9.84E+21,2.97E+17,4.65E+19,80.496,0.00745391,2.19E+11,0.012998,2.87256,9.81E-05,0.0322949,0.817495
202, 20150129_1132_12268_M2.1, 2015-01-29 11:32, 2015-01-29 11:42, 2015-01-29 11:52,2.10E-05,-12,6,12268,C,2.96E+22,9.36E+17,7.96E+19,64.8541,0.00810409,7.83E+11,0.0131278,9.54392,0.000125432,-0.0667582,3.52809
203, 20150204_0208_12277_M1.2, 2015-02-04 02:08, 2015-02-04 02:15, 2015-02-04 02:21,1.20E-05,10,14,12277,C,1.14E+22,4.24E+17,6.85E+19,37.7818,0.00884758,3.32E+11,0.00677683,1.91107,0.000103883,-0.071581,13.4038
204, 20150209_0704_12281_C1.7, 2015-02-09 07:04, 2015-02-09 07:13, 2015-02-09 07:16,1.70E-06,13,-3,12281,C,1.64E+20,1.20E+16,4.92E+17,43.5276,0.0106643,8.51E+09,0.0146095,0.0876571,0.000162086,-0.0280511,12.0539
205, 20150210_0158_12280_C8.3, 2015-02-10 01:58, 2015-02-10 02:02, 2015-02-10 02:07,8.30E-06,-8,42,12280,C,7.99E+22,1.23E+18,2.25E+20,63.6463,0.0085261,1.04E+12,0.0210944,19.3014,0.00010465,0.0139148,29.5158
206, 20150311_1611_12297_X2.1, 2015-03-11 16:11, 2015-03-11 16:22, 2015-03-11 17:10,2.10E-04,-17,-21,12297,E,4.96E+23,7.27E+18,2.07E+21,61.6852,0.00952233,6.86E+12,0.0315039,170.625,0.000118496,0.122003,66.7124
207, 20150325_0436_12305_C8.7, 2015-03-25 04:36, 2015-03-25 04:46, 2015-03-25 05:11,8.70E-06,-10,-31,12305,C,7.36E+22,1.97E+18,5.75E+20,72.7602,0.00948862,1.84E+12,0.020708,30.1923,0.000122411,-0.0258599,49.9034
208, 20150412_2216_12323_C2.9, 2015-04-12 22:16, 2015-04-12 22:26, 2015-04-12 22:34,2.90E-06,-16,32,12323,E,9.96E+21,3.65E+17,2.34E+19,47.8111,0.00933829,3.35E+11,0.00266633,0.719908,7.76E-05,0.134808,7.1473
209, 20150413_0821_12322_C4.7, 2015-04-13 08:21, 2015-04-13 08:26, 2015-04-13 08:28,4.70E-06,15,-26,12322,C,1.08E+22,3.48E+17,1.81E+19,67.568,0.0098877,3.23E+11,0.00174163,0.428442,8.03E-05,0.173807,12.9177
210, 20150415_2013_12321_C7.8, 2015-04-15 20:13, 2015-04-15 20:23, 2015-04-15 20:45,7.80E-06,10,-15,12321,C,8.33E+22,1.97E+18,4.02E+20,61.2696,0.00893729,2.04E+12,0.0152705,26.1889,0.000101684,-0.0142844,33.1693
211, 20150422_0138_12324_C3.7, 2015-04-22 01:38, 2015-04-22 01:44, 2015-04-22 01:50,3.70E-06,19,33,12324,C,2.04E+22,4.96E+17,7.34E+19,58.8876,0.00860685,5.39E+11,0.00681755,3.21107,8.98E-05,-0.0405637,16.9369
212, 20150424_2252_12331_C1.3, 2015-04-24 22:52, 2015-04-24 22:59, 2015-04-24 23:04,1.30E-06,-9,19,12331,C,4.70E+22,1.03E+18,2.74E+20,54.3801,0.00836509,8.75E+11,0.0224517,17.6695,0.000124303,0.0146615,20.0073
213, 20150505_1712_12335_M2.6, 2015-05-05 17:12, 2015-05-05 17:24, 2015-05-05 17:30,2.60E-05,-15,-24,12335,C,4.09E+22,1.38E+18,1.76E+20,68.874,0.00824443,1.14E+12,0.0188804,19.579,0.000121601,0.0275565,27.4095
214, 20150514_1745_12339_C4.8, 2015-05-14 17:45, 2015-05-14 17:53, 2015-05-14 17:59,4.80E-06,13,34,12339,C,4.89E+22,1.48E+18,2.82E+20,56.134,0.00853315,1.29E+12,0.00727473,8.28592,9.19E-05,-0.00667271,36.0403
215, 20150609_0340_12360_C5.8, 2015-06-09 03:40, 2015-06-09 03:53, 2015-06-09 04:09,5.80E-06,15,17,12360,C,9.51E+21,3.35E+17,4.71E+19,39.4607,0.00907847,3.40E+11,0.00625777,1.76469,9.55E-05,0.0628757,2.15202
216, 20150614_0348_12365_C5.9, 2015-06-14 03:48, 2015-06-14 04:17, 2015-06-14 04:45,5.90E-06,-15,33,12365,E,1.53E+22,4.91E+17,1.10E+20,58.0914,0.0088726,4.53E+11,0.00243895,0.936556,7.89E-05,-0.107222,8.11142
217, 20150618_0018_12367_C7.2, 2015-06-18 00:18, 2015-06-18 00:24, 2015-06-18 00:28,7.20E-06,-20,7,12367,C,3.43E+22,9.72E+17,1.75E+20,74.9888,0.00894167,8.85E+11,0.0361878,26.9599,0.000172945,-0.0114393,14.7205
218, 20150625_0802_12371_M7.9, 2015-06-25 08:02, 2015-06-25 08:16, 2015-06-25 09:05,7.90E-05,9,42,12371,E,2.99E+23,6.46E+18,1.80E+21,56.66,0.0076996,5.07E+12,0.0177604,88.0563,0.000106917,-0.0209447,42.9988
219, 20150702_1523_12376_C3.7, 2015-07-02 15:23, 2015-07-02 15:30, 2015-07-02 15:39,3.70E-06,15,-40,12376,C,2.17E+21,1.54E+17,1.89E+19,45.3676,0.00814036,7.47E+10,0.0161006,1.11094,0.000119733,0.142814,2.40433
220, 20150706_2032_12381_M1.7, 2015-07-06 20:32, 2015-07-06 20:40, 2015-07-06 20:50,1.70E-05,18,-36,12381,C,8.55E+22,2.03E+18,3.64E+20,62.9111,0.0098209,2.05E+12,0.0295995,46.4711,0.000122575,-0.0227927,46.372
221, 20150807_1934_12396_C5.4, 2015-08-07 19:34, 2015-08-07 19:41, 2015-08-07 19:50,5.40E-06,-17,-6,12396,C,4.51E+22,1.07E+18,6.43E+20,53.8464,0.0115232,1.08E+12,0.0576279,40.8006,0.000141837,-0.137123,23.9574
222, 20150815_1202_12401_C1.6, 2015-08-15 12:02, 2015-08-15 12:36, 2015-08-15 12:56,1.60E-06,-8,-33,12401,C,1.54E+21,5.48E+16,3.58E+18,31.9377,0.00925637,5.78E+10,0.0242558,1.14002,0.000171123,0.0273012,6.38433
223, 20150824_0726_12403_M5.6, 2015-08-24 07:26, 2015-08-24 07:33, 2015-08-24 07:35,5.60E-05,-15,4,12403,C,2.28E+23,5.53E+18,2.20E+21,53.985,0.00963393,5.06E+12,0.0255858,101.115,0.000133394,0.0415134,81.9833
224, 20150917_0934_12415_M1.1, 2015-09-17 09:34, 2015-09-17 09:40, 2015-09-17 09:45,1.10E-05,-20,2,12415,C,3.22E+22,7.24E+17,1.70E+20,56.6782,0.0074099,4.64E+11,0.00157055,0.739729,7.21E-05,-0.1066,38.1558
225, 20150928_1453_12422_M7.6, 2015-09-28 14:53, 2015-09-28 14:58, 2015-09-28 15:03,7.60E-05,-20,16,12422,C,3.07E+23,5.95E+18,2.39E+21,54.0671,0.0101556,6.27E+12,0.0371919,172.756,0.0001461,-0.074145,72.1774
226, 20151017_2112_12434_C4.7, 2015-10-17 21:12, 2015-10-17 21:19, 2015-10-17 21:25,4.70E-06,-10,-34,12434,C,8.91E+22,2.62E+18,5.50E+20,66.9846,0.00867136,2.20E+12,0.0105653,20.1587,9.81E-05,0.0242033,18.3325
227, 20151021_1748_12436_C7.7, 2015-10-21 17:48, 2015-10-21 17:56, 2015-10-21 18:00,7.70E-06,9,-30,12436,C,2.73E+22,7.70E+17,2.01E+20,49.2814,0.00861259,7.03E+11,0.0135504,8.31992,0.000104866,-0.063302,40.5059
228, 20151104_1331_12443_M3.7, 2015-11-04 13:31, 2015-11-04 13:52, 2015-11-04 14:13,3.70E-05,6,-3,12443,E,1.55E+22,5.69E+17,1.53E+20,43.5881,0.00800005,4.37E+11,0.0133048,5.46827,0.000135389,-0.0317492,15.188
229, 20151109_1249_12449_M3.9, 2015-11-09 12:49, 2015-11-09 13:12, 2015-11-09 13:28,3.90E-05,-11,-41,12449,E,6.94E+21,2.53E+17,3.48E+19,47.5038,0.0112335,3.15E+11,0.00513278,1.08302,0.000101239,0.0596561,12.0253
230, 20151122_0531_12454_C5.6, 2015-11-22 05:31, 2015-11-22 05:38, 2015-11-22 05:41,5.60E-06,15,40,12454,C,5.18E+22,1.52E+18,3.61E+20,56.3543,0.00914285,1.46E+12,0.0140179,16.8215,0.000113513,0.041738,42.4955
231, 20151201_0757_12458_C3.6, 2015-12-01 07:57, 2015-12-01 08:10, 2015-12-01 08:18,3.60E-06,9,36,12458,E,4.88E+21,1.75E+17,7.40E+19,51.3397,0.00923297,1.80E+11,0.00673512,0.990063,8.88E-05,0.0435235,0
232, 20151208_1859_12463_C6.7, 2015-12-08 18:59, 2015-12-08 19:14, 2015-12-08 19:28,6.70E-06,-11,-24,12463,E,7.26E+21,2.91E+17,8.49E+18,57.8622,0.00812341,2.16E+11,0.00134765,0.26953,7.93E-05,0.105371,9.17308
233, 20151219_2149_12470_C4.5, 2015-12-19 21:49, 2015-12-19 22:28, 2015-12-19 23:08,4.50E-06,15,-6,12470,C,3.14E+21,1.23E+17,1.06E+19,50.6447,0.00858045,8.78E+10,0.0215488,1.65926,0.000104741,0.0467595,5.15154
234, 20151225_1659_12472_C6.9, 2015-12-25 16:59, 2015-12-25 17:29, 2015-12-25 17:49,6.90E-06,3,-37,12472,C,9.46E+20,2.94E+16,9.18E+17,49.3517,0.00946586,3.65E+10,0.00184816,0.0535967,8.29E-05,0.171989,0
235, 20151228_1120_12473_M1.8, 2015-12-28 11:20, 2015-12-28 12:45, 2015-12-28 14:09,1.80E-05,-22,5,12473,E,1.36E+23,2.73E+18,3.65E+20,61.7646,0.00807745,2.20E+12,0.0115663,23.7341,0.000103143,0.00908463,36.7162
236, 20160115_0234_12480_C2.8, 2016-01-15 02:34, 2016-01-15 02:39, 2016-01-15 02:41,2.80E-06,3,39,12480,C,7.04E+20,4.95E+16,3.00E+18,50.2011,0.00832347,2.54E+10,0.00211546,0.0486556,9.16E-05,0.182978,1.55109
237, 20160128_1148_12488_C9.6, 2016-01-28 11:48, 2016-01-28 12:02, 2016-01-28 12:16,9.60E-06,3,41,12488,E,2.81E+22,7.73E+17,1.38E+20,53.7311,0.00839815,6.64E+11,0.00650682,3.87156,8.76E-05,-0.0225856,21.6634
238, 20160204_1815_12494_C5.1, 2016-02-04 18:15, 2016-02-04 18:22, 2016-02-04 18:28,5.10E-06,-12,-14,12494,C,3.86E+21,1.50E+17,1.19E+19,46.9657,0.0078732,1.13E+11,0.0127111,1.3728,0.000145153,-0.0274968,6.17356
239, 20160213_1516_12497_M1.8, 2016-02-13 15:16, 2016-02-13 15:24, 2016-02-13 15:26,1.80E-05,13,25,12497,C,2.17E+23,3.75E+18,4.69E+20,45.6315,0.00882006,3.48E+12,0.00862078,25.6124,0.000102458,-0.0419841,81.2973
240, 20160227_0544_12506_C3.3, 2016-02-27 05:44, 2016-02-27 05:55, 2016-02-27 06:01,3.30E-06,-10,-20,12506,C,5.91E+21,2.18E+17,3.14E+19,64.7474,0.00807027,1.75E+11,0.00181743,0.296241,7.91E-05,-0.0438102,8.28404
241, 20160428_1246_12535_C1.9, 2016-04-28 12:46, 2016-04-28 12:51, 2016-04-28 12:54,1.90E-06,5,-21,12535,C,3.36E+20,1.34E+16,1.39E+18,26.5151,0.006608,9.66E+09,0.000522,0.005745,0.000059,0.576061,0
242, 20160507_1704_12541_C1.9, 2016-05-07 17:04, 2016-05-07 17:13, 2016-05-07 17:24,1.90E-06,4,-5,12541,C,1.11E+20,1.24E+16,1.19E+18,42.718468,0.005537,2.94E+09,0.005436,0.021746,0.000091,0.313649,0
243, 20160515_1500_12544_C3.4, 2016-05-15 15:00, 2016-05-15 16:03, 2016-05-15 17:45,3.40E-06,21,4,12544,C,3.26E+22,1.04E+18,2.26E+20,54.997993,0.009139,8.75E+11,0.029961,21.571701,0.00015,-0.087858,33.1514
244, 20160719_1004_12565_C2.3, 2016-07-19 10:04, 2016-07-19 11:52, 2016-07-19 12:58,2.30E-06,5,35,12565,C,2.39E+21,1.10E+17,1.14E+19,52.604687,0.00693,6.91E+10,0.028917,2.168811,0.00013,-0.018751,1.18309
245, 20160721_0042_12567_M1.2, 2016-07-21 00:42, 2016-07-21 00:46, 2016-07-21 00:50,1.20E-05,3,42,12567,C,4.50E+22,1.64E+18,5.50E+20,56.8467,0.00732307,1.17E+12,0.0256267,30.8033,0.000117299,0.00551542,14.4624
246, 20160807_2226_12571_C5.6, 2016-08-07 22:26, 2016-08-07 22:32, 2016-08-07 22:40,5.60E-06,13,18,12571,C,1.97E+22,5.83E+17,1.20E+20,64.362602,0.006865,4.05E+11,0.013853,6.150561,0.000101,0.051287,7.44296
247, 20160811_1632_12574_C2.4, 2016-08-11 16:32, 2016-08-11 16:44, 2016-08-11 17:03,2.40E-06,2,-31,12574,C,6.87E+21,2.82E+17,5.18E+19,54.81469,0.007763,2.14E+11,0.006163,1.275829,0.000092,0.037546,3.29035
248, 20161012_1151_12599_C1.1, 2016-10-12 11:51, 2016-10-12 11:55, 2016-10-12 11:59,1.10E-06,-14,38,12599,C,2.19E+22,6.72E+17,2.15E+20,42.266171,0.007188,4.86E+11,0.014465,7.362924,0.000094,0.002052,3.89609
249, 20161204_1735_12615_C1.8, 2016-12-04 17:35, 2016-12-04 17:55, 2016-12-04 18:14,1.80E-06,-6,15,12615,C,2.05E+22,6.40E+17,3.43E+20,77.163643,0.009382,5.66E+11,0.044297,20.110806,0.000158,-0.047623,4.66964
250, 20170223_2036_12638_C1.3, 2017-02-23 20:36, 2017-02-23 20:53, 2017-02-23 21:17,1.30E-06,19,-27,12638,C,1.32E+21,1.14E+17,2.43E+19,48.749046,0.010469,6.26E+10,0.005094,0.229216,0.000081,-0.012323,5.5017
251, 20170403_1107_12645_C3.9, 2017-04-03 11:07, 2017-04-03 11:13, 2017-04-03 11:25,3.90E-06,-11,35,12645,C,1.92E+23,3.57E+18,6.12E+20,63.299236,0.009128,2.98E+12,0.037679,92.615067,0.000141,0.063933,37.1306
252, 20170714_0107_12665_M2.4, 2017-07-14 01:07, 2017-07-14 02:09, 2017-07-14 03:24,2.40E-05,-9,33,12665,E,5.46E+22,1.65E+18,4.22E+20,53.8793,0.00813126,1.47E+12,0.0126524,17.1567,0.000103469,-0.0285103,22.3337
253, 20170819_2054_12671_C7.0, 2017-08-19 20:54, 2017-08-19 21:55, 2017-08-19 22:05,7.00E-06,10,-6,12671,C,4.81E+22,1.55E+18,3.92E+20,38.474407,0.008712,1.30E+12,0.043325,48.611076,0.000154,-0.063233,62.5619
254, 20170906_1153_12673_X9.3, 2017-09-06 11:53, 2017-09-06 12:02, 2017-09-06 12:10,9.30E-04,-9,34,12673,E,1.52E+24,1.50E+19,3.90E+21,50.5357,0.0096343,1.45E+13,0.0375183,425.983,0.000122738,-0.0774013,161.186
255, 20180210_1302_12699_C4.6, 2018-02-10 13:02, 2018-02-10 13:21, 2018-02-10 13:36,4.60E-06,-8,-7,12699,C,7.21E+21,2.86E+17,7.93E+19,41.293827,0.006311,1.69E+11,0.002245,0.453539,0.000079,-0.009288,10.5038
256, 20190126_1312_12733_C5.0, 2019-01-26 13:12, 2019-01-26 13:22, 2019-01-26 13:34,5.00E-06,5,26,12733,C,1.54E+22,4.30E+17,3.88E+19,56.394009,0.007944,4.04E+11,0.028965,11.093649,0.000174,0.020481,6.90716
257, 20190321_0308_12736_C5.6, 2019-03-21 03:08, 2019-03-21 03:12, 2019-03-21 03:20,5.60E-06,8,34,12736,C,2.35E+22,1.09E+18,2.04E+20,55.035717,0.010157,8.40E+11,0.021112,13.13178,0.000133,0.014061,3.03464
258, 20190506_0503_12740_M1.0, 2017-05-06 05:03, 2017-05-06 05:09, 2017-05-06 05:19,1.00E-05,8,-41,12740,E,6.70E+22,1.88E+18,5.54E+20,67.4221,0.00820869,1.57E+12,0.0164561,23.6145,9.95E-05,0.00388228,24.1231
259, 20200808_0342_12770_C1.5, 2020-08-08 03:42, 2020-08-08 03:49, 2020-08-08 04:15,1.50E-06,24,-21,12770,C,5.53E+19,1.01E+17,1.24E+19,39.89587,0.010299,2.74E+09,0.002744,0.005488,0.000042,-3.34286,0
260, 20201029_1130_12779_C4.3, 2020-10-29 11:30, 2020-10-29 11:50, 2020-10-29 12:07,4.30E-06,-17,38,12779,C,8.47E+22,1.59E+17,4.53E+19,47.48175,0.008157,1.41E+12,0.01952,25.473463,0.000127,-0.021123,0
261, 20201108_0513_12781_C5.7, 2020-11-08 05:13, 2020-11-08 05:18, 2020-11-08 05:23,5.70E-06,-21,-15,12781,C,5.38E+22,1.63E+18,4.36E+20,67.725739,0.007572,1.14E+12,0.017833,20.204466,0.000133,-0.010563,7.77003
262, 20201128_2259_12786_C3.1, 2020-11-28 22:59, 2020-11-28 23:18, 2020-11-28 23:32,3.10E-06,-20,-16,12786,C,5.29E+22,1.69E+18,3.48E+20,53.875435,0.008346,1.41E+12,0.012727,16.163246,0.000105,0.009904,16.3889
263, 20201207_1546_12790_C7.4, 2020-12-07 15:46, 2020-12-07 16:32, 2020-12-07 17:15,7.40E-06,-25,8,12790,E,3.71E+21,1.51E+17,4.76E+18,73.328804,0.007715,8.51E+10,0.001258,0.104431,0.000067,-0.140916,2.97988
264, 20210423_2308_12818_C2.4, 2021-04-23 23:08, 2021-04-23 23:12, 2021-04-23 23:16,2.40E-06,-21,-21,12818,C,8.17E+19,8.69E+16,1.96E+18,40.600651,0.007237,2.89E+09,0.001905,0.005714,0.000063,-0.421353,2.06812
265, 20210522_2130_12824_M1.4, 2021-05-22 21:30, 2021-05-22 21:36, 2021-05-22 21:43,1.40E-05,20,-12,12824,E,2.89E+22,7.02E+17,9.18E+19,66.6426,0.00879065,6.51E+11,0.00226583,1.26207,8.09E-05,-0.075572,26.3518
266, 20210628_0915_12836_C2.0, 2021-06-28 09:15, 2021-06-28 09:35, 2021-06-28 09:47,2.00E-06,-28,-27,12836,C,2.57E+21,1.11E+17,6.37E+18,36.788227,0.009107,9.44E+10,0.022501,1.755108,0.000149,-0.056612,3.46297
267, 20210630_1809_12835_C3.6, 2021-06-30 18:09, 2021-06-30 18:15, 2021-06-30 18:19,3.60E-06,-16,3,12835,C,4.46E+22,1.44E+18,3.09E+20,47.09428,0.00762,1.21E+12,0.016779,19.98402,0.000126,0.013926,26.6168
268, 20210826_1748_12859_C3.0, 2021-08-26 17:48, 2021-08-26 18:18, 2021-08-26 18:42,3.00E-06,20,-14,12859,E,1.11E+20,1.64E+16,1.92E+18,37.738297,0.005204,2.77E+09,0.079938,0.319753,0.000324,-0.059461,0
269, 20210828_0539_12860_M4.7, 2021-08-28 05:39, 2021-08-28 06:11, 2021-08-28 06:23,4.70E-05,-27,1,12860,E,6.63E+22,1.77E+18,4.55E+20,52.0691,0.00889336,1.52E+12,0.0222763,28.6027,0.00010189,0.118842,48.0153
270, 20210907_2342_12864_C2.3, 2021-09-07 23:42, 2021-09-08 00:09, 2021-09-08 00:33,2.30E-06,22,39,12864,E,4.88E+20,1.34E+16,1.65E+18,51.420029,0.007958,1.69E+10,0.001958,0.031323,0.000093,-0.016015,3.80738
271, 20210908_1246_12868_C2.3, 2021-09-08 12:46, 2021-09-08 12:58, 2021-09-08 13:04,2.30E-06,-20,2,12868,C,3.83E+21,5.35E+15,8.43E+16,60.678223,0.009759,1.58E+11,0.007476,0.912101,0.000102,0.042561,0
272, 20210908_1711_12866_C8.3, 2021-09-08 17:11, 2021-09-08 17:30, 2021-09-08 17:49,8.30E-06,-15,-11,12866,C,2.28E+22,7.12E+17,1.67E+20,57.288776,0.008512,6.77E+11,0.025109,15.014973,0.000126,-0.018742,10.9759
273, 20210921_1143_12873_C1.8, 2021-09-21 11:43, 2021-09-21 11:53, 2021-09-21 11:57,1.80E-06,25,14,12873,C,1.06E+22,3.34E+17,2.15E+19,50.285122,0.006578,2.14E+11,0.00333,0.815823,0.000073,-0.090457,8.69358
274, 20210923_0407_12871_M2.9, 2021-09-21 04:07, 2021-09-21 04:42, 2021-09-21 05:50,2.90E-05,-30,-21,12871,E,9.13E+22,2.09E+18,2.50E+20,59.418705,0.007978,1.67E+12,0.009546,15.062931,0.000097,0.033058,35.6658
275, 20210929_2146_12877_C2.8, 2021-09-29 21:46, 2021-09-29 21:56, 2021-09-29 22:02,2.80E-06,-18,39,12877,C,2.87E+22,8.97E+17,1.10E+20,52.692699,0.008261,7.99E+11,0.011813,8.599615,0.000107,-0.016273,28.8579
276, 20211009_0619_12882_M1.6, 2021-10-09 06:19, 2021-10-09 06:38, 2021-10-09 06:53,1.60E-05,18,-8,12882,E,3.68E+22,1.19E+18,1.86E+20,52.4195,0.00701997,8.52E+11,0.00827137,7.55176,8.38E-05,-0.0281635,16.7471
277, 20211027_1149_12889_C1.6, 2021-10-27 11:49, 2021-10-27 11:59, 2021-10-27 12:08,1.60E-06,-25,-39,12889,C,1.43E+21,8.42E+16,2.87E+19,42.9202,0.010512,6.01E+10,0.028085,1.207664,0.00013,-0.087121,12.8608
278, 20211028_1517_12887_X1.0, 2021-10-28 15:17, 2021-10-28 15:35, 2021-10-28 15:48,1.00E-04,-28,1,12887,E,1.14E+23,2.31E+18,2.87E+20,65.0266,0.0081118,1.87E+12,0.0143291,24.7893,0.000101293,0.0917111,34.9936
279, 20211216_0326_12906_C1.4, 2021-12-16 03:26, 2021-12-16 03:34, 2021-12-16 03:41,1.40E-06,-29,-10,12906,C,2.72E+19,1.34E+15,1.82E+16,29.254755,0.002296,3.05E+08,0.001522,0.018258,0.00007,0.648838,2.64547
280, 20211219_2059_12907_C3.7, 2021-12-19 20:59, 2021-12-19 21:12, 2021-12-19 21:27,3.70E-06,-21,6,12907,C,1.60E+22,3.41E+17,1.43E+19,65.317726,0.008985,3.14E+11,0.007488,1.969215,0.000105,0.005516,2.94834
281, 20211220_1112_12908_M1.8, 2021-12-20 11:12, 2021-12-20 11:36, 2021-12-20 11:55,1.80E-05,-20,1,12908,E,5.63E+20,8.02E+15,2.34E+17,59.564426,0.007203,1.92E+10,0.004375,0.087508,0.000078,-0.192694,13.2499
282, 20211226_0432_12918_C2.0, 2021-12-26 04:32, 2021-12-26 04:42, 2021-12-26 04:49,2.00E-06,21,-10,12918,C,1.17E+22,4.25E+17,3.98E+19,52.791237,0.008452,3.40E+11,0.007849,2.378142,0.000091,0.043708,31.1488
283, 20220305_2349_12961_C1.3, 2022-03-05 23:49, 2022-03-06 00:01, 2022-03-06 00:11,1.30E-06,-15,26,12961,C,2.72E+19,1.49E+18,1.49E+20,68.982567,0.002141,2.85E+08,0.00846,0.00846,0.000189,0.081068,15.8745
284, 20220313_0312_12962_C4.9, 2022-03-13 03:12, 2022-03-13 03:23, 2022-03-13 03:31,4.90E-06,29,37,12962,C,1.04E+21,6.28E+16,3.52E+18,49.548405,0.008416,3.92E+10,0.002853,0.09987,0.000101,-0.871994,0
285, 20220314_0829_12965_M2.0, 2022-03-14 08:29, 2022-03-14 08:40, 2022-03-14 08:45,2.00E-05,23,-3,12965,C,4.27E+22,1.02E+18,1.85E+20,52.6783,0.00788556,8.31E+11,0.0254169,20.1556,0.000130678,0.071459,18.0556
286, 20220329_1444_12976_C4.3, 2022-03-29 14:44, 2022-03-29 14:47, 2022-03-29 14:51,4.30E-06,15,3,12976,C,3.67E+22,1.07E+18,2.60E+20,62.172768,0.007724,7.26E+11,0.01015,7.17603,0.000107,0.012175,12.6561
287, 20220330_1721_12975_X1.3, 2022-03-30 17:21, 2022-03-30 17:37, 2022-03-30 17:46,1.30E-04,13,31,12975,E,3.26E+23,6.09E+18,1.95E+21,66.0092,0.00900508,5.49E+12,0.029487,135.346,0.000131556,0.0557439,59.5634
288, 20220422_1316_12993_M3.4, 2022-04-22 13:16, 2022-04-22 13:25, 2022-04-22 13:30,3.40E-05,21,0,12993,C,8.57E+22,2.25E+18,3.77E+20,54.9482,0.00727171,1.95E+12,0.00696296,14.0164,8.43E-05,0.104511,34.6351
289, 20220424_1039_12994_C2.0, 2022-04-24 10:39, 2022-04-24 10:42, 2022-04-24 10:46,2.00E-06,11,10,12994,C,1.44E+22,6.70E+17,2.03E+20,41.298939,0.007842,3.53E+11,0.020856,7.070348,0.000105,0.021572,4.92195
290, 20220504_0845_13004_M5.7, 2022-05-04 08:45, 2022-05-04 08:59, 2022-05-04 09:10,5.70E-05,-15,7,13004,C,1.28E+23,2.69E+18,5.09E+20,54.8378,0.00833626,2.12E+12,0.0181614,34.779,0.000102606,0.199712,21.7108
291, 20220510_1350_13006_X1.5, 2022-05-10 13:50, 2022-05-10 13:55, 2022-05-10 13:59,1.50E-04,-29,4,13006,C,6.29E+22,1.18E+18,1.62E+20,65.3821,0.00828566,9.70E+11,0.00381356,3.35975,8.05E-05,0.0360131,41.793
292, 20220517_1619_13007_C4.6, 2022-05-17 16:19, 2022-05-17 16:26, 2022-05-17 16:33,4.60E-06,-24,41,13007,C,1.86E+22,8.05E+17,1.84E+20,53.677193,0.00765,5.90E+11,0.013894,8.058749,0.000104,0.002492,7.5968
293, 20220519_1505_13014_M1.1, 2022-05-19 15:05, 2022-05-19 15:16, 2022-05-19 15:23,1.10E-05,22,-11,13014,C,5.30E+23,8.77E+18,3.07E+21,52.9715,0.00798255,6.78E+12,0.0311828,199.133,0.000109611,-0.0922888,72.944
294, 20220521_1527_13010_C2.5, 2022-05-21 15:27, 2022-05-21 15:39, 2022-05-21 15:48,2.50E-06,-16,38,13010,C,2.86E+21,1.32E+17,1.74E+19,41.270691,0.007298,8.25E+10,0.009938,0.844725,0.000088,0.066766,3.78726
295, 20220522_1417_13017_C3.7, 2022-05-22 14:17, 2022-05-22 14:31, 2022-05-22 14:48,3.70E-06,11,11,13017,C,2.42E+22,1.10E+18,3.10E+20,58.745018,0.008533,7.02E+11,0.008758,5.421373,0.00009,-0.096946,21.0434
296, 20220525_1107_13019_C2.0, 2022-05-25 11:07, 2022-05-25 11:19, 2022-05-25 11:27,2.00E-06,11,2,13019,C,2.73E+19,1.29E+18,1.19E+20,75.708321,0.003773,5.01E+08,0.00159,0.00159,0.000071,-1.413544,1.8745
297, 20220614_1411_13031_C8.6, 2022-06-14 14:11, 2022-06-14 14:20, 2022-06-14 14:26,8.60E-06,-27,-4,13031,C,9.68E+22,2.19E+18,3.05E+20,58.929192,0.008997,1.96E+12,0.011621,19.011362,0.000101,0.144468,29.6992
298, 20220617_1052_13030_C5.6, 2022-06-17 10:52, 2022-06-17 11:23, 2022-06-17 11:38,5.60E-06,17,26,13030,C,3.19E+22,8.47E+17,1.80E+20,47.106976,0.007728,6.67E+11,0.020107,13.049718,0.000119,-0.028941,7.92246
299, 20220620_0605_13038_C5.7, 2022-06-20 06:05, 2022-06-20 06:18, 2022-06-20 06:28,5.70E-06,15,-2,13038,C,6.38E+22,1.79E+18,2.56E+20,56.896553,0.00838,1.63E+12,0.016783,24.519794,0.000125,-0.009343,30.6517
300, 20220712_0934_13055_C2.9, 2022-07-12 09:34, 2022-07-12 09:42, 2022-07-12 09:46,2.90E-06,-17,5,13055,C,2.73E+22,9.10E+17,2.68E+20,55.051212,0.007689,6.56E+11,0.023428,15.040516,0.000137,0.012445,22.0536
301, 20220714_1645_13053_C6.3, 2022-07-14 16:45, 2022-07-14 16:50, 2022-07-14 16:54,6.30E-06,18,39,13053,C,6.27E+22,1.59E+18,3.26E+20,61.227535,0.009618,1.42E+12,0.018677,20.693975,0.000114,-0.037313,32.1329
302, 20220715_0755_13056_C5.5, 2022-07-15 07:55, 2022-07-15 07:59, 2022-07-15 08:03,5.50E-06,-18,-10,13056,C,4.23E+22,9.89E+17,2.68E+20,54.084572,0.007842,7.48E+11,0.006502,4.668615,0.000089,0.082436,10.9124
303, 20220719_0239_13057_C2.2, 2022-07-19 02:39, 2022-07-19 02:52, 2022-07-19 03:18,2.20E-06,20,18,13057,C,2.11E+21,1.08E+17,2.06E+19,59.646835,0.008196,7.74E+10,0.007276,0.516599,0.0001,-0.011972,0
304, 20220721_0102_13060_C5.6, 2022-07-21 01:02, 2022-07-21 01:11, 2022-07-21 01:33,5.60E-06,13,2,13060,E,8.27E+19,2.21E+17,2.35E+19,15.86091,0.011453,4.57E+09,0.004481,0.013444,0.00008,1.122215,5.83904
305, 20220814_1150_13076_C2.4, 2022-08-14 11:50, 2022-08-14 12:35, 2022-08-14 13:36,2.40E-06,21,14,13076,E,8.17E+20,6.28E+16,3.37E+18,37.452301,0.008066,2.79E+10,0.000579,0.015061,0.000067,-1.386531,0
306, 20220816_0752_13078_M5.0, 2022-08-16 07:52, 2022-08-16 07:58, 2022-08-16 08:05,5.00E-05,-22,11,13078,C,1.43E+23,3.58E+18,6.05E+20,52.0665,0.0097727,3.65E+12,0.00914915,25.7183,0.000108359,0.0738623,51.8442
307, 20220822_1401_13085_C5.0, 2022-08-22 14:01, 2022-08-22 14:09, 2022-08-22 14:14,5.00E-06,30,-9,13085,C,3.95E+22,1.11E+18,3.75E+20,44.574306,0.008704,9.95E+11,0.01694,14.568414,0.000136,0.054534,15.6007
308, 20220911_2208_13098_C6.1, 2022-09-11 22:08, 2022-09-11 22:28, 2022-09-11 22:39,6.10E-06,19,24,13098,C,1.00E+23,1.91E+18,3.19E+20,58.590363,0.00897,1.81E+12,0.018354,27.842253,0.000144,0.017047,29.0674
309, 20220916_0308_13103_C3.9, 2022-09-16 03:08, 2022-09-16 03:17, 2022-09-16 03:22,3.90E-06,-15,-3,13103,C,1.35E+22,3.94E+17,5.15E+19,52.153427,0.009593,3.69E+11,0.017189,4.967645,0.000183,0.019974,6.4113
310, 20220920_1113_13102_M1.0, 2022-09-20 11:13, 2022-09-20 11:22, 2022-09-20 11:34,1.00E-05,-25,17,13102,C,3.20E+22,9.24E+17,2.01E+20,66.1246,0.0082143,8.80E+11,0.0142542,11.4889,0.000110066,0.08256,12.7154
311, 20220922_1123_13105_C7.8, 2022-09-22 11:23, 2022-09-22 11:34, 2022-09-22 11:39,7.80E-06,-15,-42,13105,C,4.89E+22,1.59E+18,5.31E+20,53.547886,0.008429,1.37E+12,0.036487,44.477924,0.000149,0.012506,44.9995
312, 20220926_2044_13107_C3.6, 2022-09-26 20:44, 2022-09-26 21:14, 2022-09-26 21:32,3.60E-06,-23,-3,13107,C,2.21E+22,6.79E+17,2.06E+20,51.064278,0.008208,6.04E+11,0.014794,8.195601,0.000112,0.022823,19.2119
313, 20221010_1605_13112_M2.4, 2022-10-10 16:05, 2022-10-10 16:28, 2022-10-10 16:47,2.40E-05,24,33,13112,C,1.95E+23,5.25E+18,1.67E+21,50.257,0.00774078,4.50E+12,0.0148426,64.9066,0.000108749,-0.0211642,42.8254
314, 20221111_1127_13141_M1.2, 2022-11-11 11:27, 2022-11-11 11:40, 2022-11-11 11:46,1.20E-05,11,11,13141,C,7.63E+22,2.21E+18,2.58E+20,63.303387,0.00746,1.50E+12,0.015727,23.779785,0.000109,-0.004343,17.4263
315, 20221205_0518_13158_C2.7, 2022-12-05 05:18, 2022-12-05 05:30, 2022-12-05 05:40,2.70E-06,23,-5,13158,C,7.73E+21,2.71E+17,1.47E+19,40.196232,0.008233,2.34E+11,0.003746,0.801547,0.000085,-0.069954,3.01107
316, 20221207_1901_13153_C2.5, 2022-12-07 19:01, 2022-12-07 19:04, 2022-12-07 19:08,2.50E-06,-16,5,13153,C,4.34E+22,1.14E+18,2.12E+20,49.962555,0.007345,8.50E+11,0.012129,10.564296,0.000104,-0.011841,25.4896
317, 20221209_2238_13157_C5.0, 2022-12-09 22:38, 2022-12-09 22:42, 2022-12-09 22:46,5.00E-06,13,8,13157,C,1.95E+22,4.02E+17,1.23E+19,61.99667,0.008141,3.53E+11,0.005525,1.801001,0.000103,0.037454,4.49943
318, 20221214_1224_13165_M4.1, 2022-12-14 12:24, 2022-12-14 12:31, 2022-12-14 12:38,4.10E-05,-20,42,13165,C,1.19E+23,3.36E+18,5.20E+20,53.729572,0.008615,2.79E+12,0.01892,46.088539,0.000115,0.006186,36.1143
319, 20221215_1647_13163_M2.1, 2022-12-15 16:47, 2022-12-15 16:56, 2022-12-15 17:20,2.10E-05,-21,-5,13163,C,9.44E+22,1.80E+18,3.07E+20,65.44828,0.01093,1.90E+12,0.041775,54.600178,0.000167,-0.194408,47.0978
320, 20221223_1428_13171_C6.6, 2022-12-23 14:28, 2022-12-23 14:46, 2022-12-23 14:58,6.60E-06,22,-14,13171,C,1.58E+21,2.94E+16,8.59E+17,36.437229,0.006779,4.69E+10,0.005237,0.272334,0.000082,0.292839,4.70779
321, 20221226_1008_13169_C4.1, 2022-12-26 10:08, 2022-12-26 10:11, 2022-12-26 10:20,4.10E-06,22,35,13169,C,4.32E+22,1.54E+18,4.54E+20,46.150383,0.008615,1.30E+12,0.008413,9.548433,0.000096,0.004207,41.1508
322, 20221230_1926_13176_M3.7, 2022-12-30 19:26, 2022-12-30 19:38, 2022-12-30 19:47,3.70E-05,20,-15,13176,C,1.71E+22,4.93E+17,1.02E+20,65.18203,0.007894,3.99E+11,0.007814,2.969196,0.000115,-0.01644,4.02154
